id,timestamp,symbol,timeframe,mode,direction_label,direction_probability,expected_move_pct,pattern_name,confidence_score
XAUUSD_1m_live_001,2025-07-21T06:52:59.337876,XAUUSD,1m,live,UP,0.87,0.51,HighVolume_Asian_LiquiditySweep_1m_Pattern_01,0.87
XAUUSD_1m_live_002,2025-07-21T06:57:59.337908,XAUUSD,1m,live,DOWN,0.88,0.61,LowVolume_European_TightRange_1m_Pattern_02,0.88
XAUUSD_1m_live_003,2025-07-21T07:02:59.337915,XAUUSD,1m,live,NEUTRAL,0.89,0.71,VolatileRange_US_FakeoutProne_1m_Pattern_03,0.89
XAUUSD_5m_live_001,2025-07-21T06:52:59.337931,XAUUSD,5m,live,UP,0.74,0.67,HighVolume_Asian_LiquiditySweep_5m_Pattern_01,0.74
XAUUSD_5m_live_002,2025-07-21T06:57:59.337935,XAUUSD,5m,live,DOWN,0.75,0.77,LowVolume_European_TightRange_5m_Pattern_02,0.75
XAUUSD_5m_live_003,2025-07-21T07:02:59.337941,XAUUSD,5m,live,NEUTRAL,0.76,0.87,VolatileRange_US_FakeoutProne_5m_Pattern_03,0.76
XAUUSD_15m_live_001,2025-07-21T06:52:59.337951,XAUUSD,15m,live,UP,0.84,0.69,HighVolume_Asian_LiquiditySweep_15m_Pattern_01,0.84
XAUUSD_15m_live_002,2025-07-21T06:57:59.337959,XAUUSD,15m,live,DOWN,0.85,0.79,LowVolume_European_TightRange_15m_Pattern_02,0.85
XAUUSD_15m_live_003,2025-07-21T07:02:59.337961,XAUUSD,15m,live,NEUTRAL,0.86,0.8899999999999999,VolatileRange_US_FakeoutProne_15m_Pattern_03,0.86
XAUUSD_1h_live_001,2025-07-21T06:52:59.337974,XAUUSD,1h,live,UP,0.8899999999999999,0.77,HighVolume_Asian_LiquiditySweep_1h_Pattern_01,0.8899999999999999
XAUUSD_1h_live_002,2025-07-21T06:57:59.337978,XAUUSD,1h,live,DOWN,0.8999999999999999,0.87,LowVolume_European_TightRange_1h_Pattern_02,0.8999999999999999
XAUUSD_1h_live_003,2025-07-21T07:02:59.337982,XAUUSD,1h,live,NEUTRAL,0.9099999999999999,0.97,VolatileRange_US_FakeoutProne_1h_Pattern_03,0.9099999999999999
XAUUSD_4h_live_001,2025-07-21T06:52:59.337991,XAUUSD,4h,live,UP,0.87,0.51,HighVolume_Asian_LiquiditySweep_4h_Pattern_01,0.87
XAUUSD_4h_live_002,2025-07-21T06:57:59.337994,XAUUSD,4h,live,DOWN,0.88,0.61,LowVolume_European_TightRange_4h_Pattern_02,0.88
XAUUSD_4h_live_003,2025-07-21T07:02:59.337997,XAUUSD,4h,live,NEUTRAL,0.89,0.71,VolatileRange_US_FakeoutProne_4h_Pattern_03,0.89
XAUUSD_1d_live_001,2025-07-21T06:52:59.338007,XAUUSD,1d,live,UP,0.82,0.7,HighVolume_Asian_LiquiditySweep_1d_Pattern_01,0.82
XAUUSD_1d_live_002,2025-07-21T06:57:59.338012,XAUUSD,1d,live,DOWN,0.83,0.8,LowVolume_European_TightRange_1d_Pattern_02,0.83
XAUUSD_1d_live_003,2025-07-21T07:02:59.338015,XAUUSD,1d,live,NEUTRAL,0.84,0.8999999999999999,VolatileRange_US_FakeoutProne_1d_Pattern_03,0.84
XAUUSD_1m_batch_001,2025-07-21T06:52:59.338024,XAUUSD,1m,batch,UP,0.8899999999999999,0.51,HighVolume_Asian_LiquiditySweep_1m_Pattern_01,0.8899999999999999
XAUUSD_1m_batch_002,2025-07-21T06:57:59.338027,XAUUSD,1m,batch,DOWN,0.8999999999999999,0.61,LowVolume_European_TightRange_1m_Pattern_02,0.8999999999999999
XAUUSD_1m_batch_003,2025-07-21T07:02:59.338033,XAUUSD,1m,batch,NEUTRAL,0.9099999999999999,0.71,VolatileRange_US_FakeoutProne_1m_Pattern_03,0.9099999999999999
XAUUSD_1m_batch_004,2025-07-21T07:07:59.338036,XAUUSD,1m,batch,UP,0.9199999999999999,0.81,BalancedWicks_Asian_GreedDriven_1m_Pattern_04,0.9199999999999999
XAUUSD_1m_batch_005,2025-07-21T07:12:59.338039,XAUUSD,1m,batch,DOWN,0.9299999999999999,0.91,TightRange_European_FearDriven_1m_Pattern_05,0.9299999999999999
XAUUSD_1m_batch_006,2025-07-21T07:17:59.338044,XAUUSD,1m,batch,NEUTRAL,0.94,1.01,BreakoutPattern_US_MomentumDriven_1m_Pattern_06,0.94
XAUUSD_1m_batch_007,2025-07-21T07:22:59.338047,XAUUSD,1m,batch,UP,0.95,1.11,ReversalPattern_Asian_ExhaustionSignal_1m_Pattern_07,0.95
XAUUSD_1m_batch_008,2025-07-21T07:27:59.338052,XAUUSD,1m,batch,DOWN,0.96,1.2100000000000002,ContinuationPattern_European_TrendFollowing_1m_Pattern_08,0.96
XAUUSD_1m_batch_009,2025-07-21T07:32:59.338054,XAUUSD,1m,batch,NEUTRAL,0.97,1.31,GapFill_US_LiquidityReturn_1m_Pattern_09,0.97
XAUUSD_1m_batch_010,2025-07-21T07:37:59.338057,XAUUSD,1m,batch,UP,0.98,1.41,FakeBreak_Asian_TrapPattern_1m_Pattern_10,0.98
XAUUSD_1m_batch_011,2025-07-21T07:42:59.338060,XAUUSD,1m,batch,DOWN,0.99,1.51,VolumeSpike_European_NewsReaction_1m_Pattern_11,0.99
XAUUSD_1m_batch_012,2025-07-21T07:47:59.338062,XAUUSD,1m,batch,NEUTRAL,1.0,1.61,RangeExpansion_US_VolatilityBreakout_1m_Pattern_12,1.0
XAUUSD_1m_batch_013,2025-07-21T07:52:59.338067,XAUUSD,1m,batch,UP,1.01,1.7100000000000002,Consolidation_Asian_AccumulationPhase_1m_Pattern_13,1.01
XAUUSD_1m_batch_014,2025-07-21T07:57:59.338071,XAUUSD,1m,batch,DOWN,1.02,1.81,Impulse_European_DirectionalMove_1m_Pattern_14,1.02
XAUUSD_1m_batch_015,2025-07-21T08:02:59.338073,XAUUSD,1m,batch,NEUTRAL,1.03,1.9100000000000001,Correction_US_RetracementPattern_1m_Pattern_15,1.03
XAUUSD_1m_batch_016,2025-07-21T08:07:59.338080,XAUUSD,1m,batch,UP,1.04,2.01,HighVolume_Asian_LiquiditySweep_1m_Pattern_16,1.04
XAUUSD_1m_batch_017,2025-07-21T08:12:59.338084,XAUUSD,1m,batch,DOWN,1.05,2.11,LowVolume_European_TightRange_1m_Pattern_17,1.05
XAUUSD_1m_batch_018,2025-07-21T08:17:59.338086,XAUUSD,1m,batch,NEUTRAL,1.06,2.21,VolatileRange_US_FakeoutProne_1m_Pattern_18,1.06
XAUUSD_1m_batch_019,2025-07-21T08:22:59.338089,XAUUSD,1m,batch,UP,1.0699999999999998,2.3099999999999996,BalancedWicks_Asian_GreedDriven_1m_Pattern_19,1.0699999999999998
XAUUSD_1m_batch_020,2025-07-21T08:27:59.338091,XAUUSD,1m,batch,DOWN,1.0799999999999998,2.41,TightRange_European_FearDriven_1m_Pattern_20,1.0799999999999998
XAUUSD_5m_batch_001,2025-07-21T06:52:59.338105,XAUUSD,5m,batch,UP,0.87,0.67,HighVolume_Asian_LiquiditySweep_5m_Pattern_01,0.87
XAUUSD_5m_batch_002,2025-07-21T06:57:59.338110,XAUUSD,5m,batch,DOWN,0.88,0.77,LowVolume_European_TightRange_5m_Pattern_02,0.88
XAUUSD_5m_batch_003,2025-07-21T07:02:59.338114,XAUUSD,5m,batch,NEUTRAL,0.89,0.87,VolatileRange_US_FakeoutProne_5m_Pattern_03,0.89
XAUUSD_5m_batch_004,2025-07-21T07:07:59.338119,XAUUSD,5m,batch,UP,0.9,0.9700000000000001,BalancedWicks_Asian_GreedDriven_5m_Pattern_04,0.9
XAUUSD_5m_batch_005,2025-07-21T07:12:59.338121,XAUUSD,5m,batch,DOWN,0.91,1.07,TightRange_European_FearDriven_5m_Pattern_05,0.91
XAUUSD_5m_batch_006,2025-07-21T07:17:59.338126,XAUUSD,5m,batch,NEUTRAL,0.92,1.17,BreakoutPattern_US_MomentumDriven_5m_Pattern_06,0.92
XAUUSD_5m_batch_007,2025-07-21T07:22:59.338128,XAUUSD,5m,batch,UP,0.93,1.27,ReversalPattern_Asian_ExhaustionSignal_5m_Pattern_07,0.93
XAUUSD_5m_batch_008,2025-07-21T07:27:59.338133,XAUUSD,5m,batch,DOWN,0.9400000000000001,1.37,ContinuationPattern_European_TrendFollowing_5m_Pattern_08,0.9400000000000001
XAUUSD_5m_batch_009,2025-07-21T07:32:59.338135,XAUUSD,5m,batch,NEUTRAL,0.95,1.47,GapFill_US_LiquidityReturn_5m_Pattern_09,0.95
XAUUSD_5m_batch_010,2025-07-21T07:37:59.338138,XAUUSD,5m,batch,UP,0.96,1.5699999999999998,FakeBreak_Asian_TrapPattern_5m_Pattern_10,0.96
XAUUSD_5m_batch_011,2025-07-21T07:42:59.338140,XAUUSD,5m,batch,DOWN,0.97,1.67,VolumeSpike_European_NewsReaction_5m_Pattern_11,0.97
XAUUSD_5m_batch_012,2025-07-21T07:47:59.338143,XAUUSD,5m,batch,NEUTRAL,0.98,1.77,RangeExpansion_US_VolatilityBreakout_5m_Pattern_12,0.98
XAUUSD_5m_batch_013,2025-07-21T07:52:59.338151,XAUUSD,5m,batch,UP,0.99,1.87,Consolidation_Asian_AccumulationPhase_5m_Pattern_13,0.99
XAUUSD_5m_batch_014,2025-07-21T07:57:59.338154,XAUUSD,5m,batch,DOWN,1.0,1.97,Impulse_European_DirectionalMove_5m_Pattern_14,1.0
XAUUSD_5m_batch_015,2025-07-21T08:02:59.338158,XAUUSD,5m,batch,NEUTRAL,1.01,2.0700000000000003,Correction_US_RetracementPattern_5m_Pattern_15,1.01
XAUUSD_5m_batch_016,2025-07-21T08:07:59.338161,XAUUSD,5m,batch,UP,1.02,2.17,HighVolume_Asian_LiquiditySweep_5m_Pattern_16,1.02
XAUUSD_5m_batch_017,2025-07-21T08:12:59.338167,XAUUSD,5m,batch,DOWN,1.03,2.27,LowVolume_European_TightRange_5m_Pattern_17,1.03
XAUUSD_5m_batch_018,2025-07-21T08:17:59.338169,XAUUSD,5m,batch,NEUTRAL,1.04,2.37,VolatileRange_US_FakeoutProne_5m_Pattern_18,1.04
XAUUSD_5m_batch_019,2025-07-21T08:22:59.338172,XAUUSD,5m,batch,UP,1.0499999999999998,2.4699999999999998,BalancedWicks_Asian_GreedDriven_5m_Pattern_19,1.0499999999999998
XAUUSD_5m_batch_020,2025-07-21T08:27:59.338175,XAUUSD,5m,batch,DOWN,1.0599999999999998,2.5700000000000003,TightRange_European_FearDriven_5m_Pattern_20,1.0599999999999998
XAUUSD_15m_batch_001,2025-07-21T06:52:59.338187,XAUUSD,15m,batch,UP,0.77,0.69,HighVolume_Asian_LiquiditySweep_15m_Pattern_01,0.77
XAUUSD_15m_batch_002,2025-07-21T06:57:59.338190,XAUUSD,15m,batch,DOWN,0.78,0.79,LowVolume_European_TightRange_15m_Pattern_02,0.78
XAUUSD_15m_batch_003,2025-07-21T07:02:59.338194,XAUUSD,15m,batch,NEUTRAL,0.79,0.8899999999999999,VolatileRange_US_FakeoutProne_15m_Pattern_03,0.79
XAUUSD_15m_batch_004,2025-07-21T07:07:59.338197,XAUUSD,15m,batch,UP,0.8,0.99,BalancedWicks_Asian_GreedDriven_15m_Pattern_04,0.8
XAUUSD_15m_batch_005,2025-07-21T07:12:59.338200,XAUUSD,15m,batch,DOWN,0.81,1.09,TightRange_European_FearDriven_15m_Pattern_05,0.81
XAUUSD_15m_batch_006,2025-07-21T07:17:59.338202,XAUUSD,15m,batch,NEUTRAL,0.8200000000000001,1.19,BreakoutPattern_US_MomentumDriven_15m_Pattern_06,0.8200000000000001
XAUUSD_15m_batch_007,2025-07-21T07:22:59.338205,XAUUSD,15m,batch,UP,0.8300000000000001,1.29,ReversalPattern_Asian_ExhaustionSignal_15m_Pattern_07,0.8300000000000001
XAUUSD_15m_batch_008,2025-07-21T07:27:59.338208,XAUUSD,15m,batch,DOWN,0.8400000000000001,1.3900000000000001,ContinuationPattern_European_TrendFollowing_15m_Pattern_08,0.8400000000000001
XAUUSD_15m_batch_009,2025-07-21T07:32:59.338211,XAUUSD,15m,batch,NEUTRAL,0.8499999999999999,1.49,GapFill_US_LiquidityReturn_15m_Pattern_09,0.8499999999999999
XAUUSD_15m_batch_010,2025-07-21T07:37:59.338214,XAUUSD,15m,batch,UP,0.8599999999999999,1.5899999999999999,FakeBreak_Asian_TrapPattern_15m_Pattern_10,0.8599999999999999
XAUUSD_15m_batch_011,2025-07-21T07:42:59.338218,XAUUSD,15m,batch,DOWN,0.8699999999999999,1.69,VolumeSpike_European_NewsReaction_15m_Pattern_11,0.8699999999999999
XAUUSD_15m_batch_012,2025-07-21T07:47:59.338221,XAUUSD,15m,batch,NEUTRAL,0.8799999999999999,1.79,RangeExpansion_US_VolatilityBreakout_15m_Pattern_12,0.8799999999999999
XAUUSD_15m_batch_013,2025-07-21T07:52:59.338230,XAUUSD,15m,batch,UP,0.8899999999999999,1.8900000000000001,Consolidation_Asian_AccumulationPhase_15m_Pattern_13,0.8899999999999999
XAUUSD_15m_batch_014,2025-07-21T07:57:59.338232,XAUUSD,15m,batch,DOWN,0.8999999999999999,1.99,Impulse_European_DirectionalMove_15m_Pattern_14,0.8999999999999999
XAUUSD_15m_batch_015,2025-07-21T08:02:59.338235,XAUUSD,15m,batch,NEUTRAL,0.9099999999999999,2.0900000000000003,Correction_US_RetracementPattern_15m_Pattern_15,0.9099999999999999
XAUUSD_15m_batch_016,2025-07-21T08:07:59.338238,XAUUSD,15m,batch,UP,0.9199999999999999,2.19,HighVolume_Asian_LiquiditySweep_15m_Pattern_16,0.9199999999999999
XAUUSD_15m_batch_017,2025-07-21T08:12:59.338240,XAUUSD,15m,batch,DOWN,0.9299999999999999,2.29,LowVolume_European_TightRange_15m_Pattern_17,0.9299999999999999
XAUUSD_15m_batch_018,2025-07-21T08:17:59.338243,XAUUSD,15m,batch,NEUTRAL,0.94,2.39,VolatileRange_US_FakeoutProne_15m_Pattern_18,0.94
XAUUSD_15m_batch_019,2025-07-21T08:22:59.338245,XAUUSD,15m,batch,UP,0.95,2.4899999999999998,BalancedWicks_Asian_GreedDriven_15m_Pattern_19,0.95
XAUUSD_15m_batch_020,2025-07-21T08:27:59.338248,XAUUSD,15m,batch,DOWN,0.96,2.5900000000000003,TightRange_European_FearDriven_15m_Pattern_20,0.96
XAUUSD_1h_batch_001,2025-07-21T06:52:59.338259,XAUUSD,1h,batch,UP,0.77,0.77,HighVolume_Asian_LiquiditySweep_1h_Pattern_01,0.77
XAUUSD_1h_batch_002,2025-07-21T06:57:59.338264,XAUUSD,1h,batch,DOWN,0.78,0.87,LowVolume_European_TightRange_1h_Pattern_02,0.78
XAUUSD_1h_batch_003,2025-07-21T07:02:59.338268,XAUUSD,1h,batch,NEUTRAL,0.79,0.97,VolatileRange_US_FakeoutProne_1h_Pattern_03,0.79
XAUUSD_1h_batch_004,2025-07-21T07:07:59.338271,XAUUSD,1h,batch,UP,0.8,1.07,BalancedWicks_Asian_GreedDriven_1h_Pattern_04,0.8
XAUUSD_1h_batch_005,2025-07-21T07:12:59.338274,XAUUSD,1h,batch,DOWN,0.81,1.17,TightRange_European_FearDriven_1h_Pattern_05,0.81
XAUUSD_1h_batch_006,2025-07-21T07:17:59.338278,XAUUSD,1h,batch,NEUTRAL,0.8200000000000001,1.27,BreakoutPattern_US_MomentumDriven_1h_Pattern_06,0.8200000000000001
XAUUSD_1h_batch_007,2025-07-21T07:22:59.338280,XAUUSD,1h,batch,UP,0.8300000000000001,1.37,ReversalPattern_Asian_ExhaustionSignal_1h_Pattern_07,0.8300000000000001
XAUUSD_1h_batch_008,2025-07-21T07:27:59.338283,XAUUSD,1h,batch,DOWN,0.8400000000000001,1.4700000000000002,ContinuationPattern_European_TrendFollowing_1h_Pattern_08,0.8400000000000001
XAUUSD_1h_batch_009,2025-07-21T07:32:59.338286,XAUUSD,1h,batch,NEUTRAL,0.8499999999999999,1.57,GapFill_US_LiquidityReturn_1h_Pattern_09,0.8499999999999999
XAUUSD_1h_batch_010,2025-07-21T07:37:59.338292,XAUUSD,1h,batch,UP,0.8599999999999999,1.67,FakeBreak_Asian_TrapPattern_1h_Pattern_10,0.8599999999999999
XAUUSD_1h_batch_011,2025-07-21T07:42:59.338296,XAUUSD,1h,batch,DOWN,0.8699999999999999,1.77,VolumeSpike_European_NewsReaction_1h_Pattern_11,0.8699999999999999
XAUUSD_1h_batch_012,2025-07-21T07:47:59.338299,XAUUSD,1h,batch,NEUTRAL,0.8799999999999999,1.87,RangeExpansion_US_VolatilityBreakout_1h_Pattern_12,0.8799999999999999
XAUUSD_1h_batch_013,2025-07-21T07:52:59.338303,XAUUSD,1h,batch,UP,0.8899999999999999,1.9700000000000002,Consolidation_Asian_AccumulationPhase_1h_Pattern_13,0.8899999999999999
XAUUSD_1h_batch_014,2025-07-21T07:57:59.338306,XAUUSD,1h,batch,DOWN,0.8999999999999999,2.0700000000000003,Impulse_European_DirectionalMove_1h_Pattern_14,0.8999999999999999
XAUUSD_1h_batch_015,2025-07-21T08:02:59.338309,XAUUSD,1h,batch,NEUTRAL,0.9099999999999999,2.17,Correction_US_RetracementPattern_1h_Pattern_15,0.9099999999999999
XAUUSD_1h_batch_016,2025-07-21T08:07:59.338311,XAUUSD,1h,batch,UP,0.9199999999999999,2.27,HighVolume_Asian_LiquiditySweep_1h_Pattern_16,0.9199999999999999
XAUUSD_1h_batch_017,2025-07-21T08:12:59.338314,XAUUSD,1h,batch,DOWN,0.9299999999999999,2.37,LowVolume_European_TightRange_1h_Pattern_17,0.9299999999999999
XAUUSD_1h_batch_018,2025-07-21T08:17:59.338318,XAUUSD,1h,batch,NEUTRAL,0.94,2.47,VolatileRange_US_FakeoutProne_1h_Pattern_18,0.94
XAUUSD_1h_batch_019,2025-07-21T08:22:59.338321,XAUUSD,1h,batch,UP,0.95,2.57,BalancedWicks_Asian_GreedDriven_1h_Pattern_19,0.95
XAUUSD_1h_batch_020,2025-07-21T08:27:59.338326,XAUUSD,1h,batch,DOWN,0.96,2.6700000000000004,TightRange_European_FearDriven_1h_Pattern_20,0.96
XAUUSD_4h_batch_001,2025-07-21T06:52:59.338338,XAUUSD,4h,batch,UP,0.71,0.51,HighVolume_Asian_LiquiditySweep_4h_Pattern_01,0.71
XAUUSD_4h_batch_002,2025-07-21T06:57:59.338347,XAUUSD,4h,batch,DOWN,0.72,0.61,LowVolume_European_TightRange_4h_Pattern_02,0.72
XAUUSD_4h_batch_003,2025-07-21T07:02:59.338352,XAUUSD,4h,batch,NEUTRAL,0.73,0.71,VolatileRange_US_FakeoutProne_4h_Pattern_03,0.73
XAUUSD_4h_batch_004,2025-07-21T07:07:59.338355,XAUUSD,4h,batch,UP,0.74,0.81,BalancedWicks_Asian_GreedDriven_4h_Pattern_04,0.74
XAUUSD_4h_batch_005,2025-07-21T07:12:59.338357,XAUUSD,4h,batch,DOWN,0.75,0.91,TightRange_European_FearDriven_4h_Pattern_05,0.75
XAUUSD_4h_batch_006,2025-07-21T07:17:59.338362,XAUUSD,4h,batch,NEUTRAL,0.76,1.01,BreakoutPattern_US_MomentumDriven_4h_Pattern_06,0.76
XAUUSD_4h_batch_007,2025-07-21T07:22:59.338365,XAUUSD,4h,batch,UP,0.77,1.11,ReversalPattern_Asian_ExhaustionSignal_4h_Pattern_07,0.77
XAUUSD_4h_batch_008,2025-07-21T07:27:59.338370,XAUUSD,4h,batch,DOWN,0.78,1.2100000000000002,ContinuationPattern_European_TrendFollowing_4h_Pattern_08,0.78
XAUUSD_4h_batch_009,2025-07-21T07:32:59.338374,XAUUSD,4h,batch,NEUTRAL,0.7899999999999999,1.31,GapFill_US_LiquidityReturn_4h_Pattern_09,0.7899999999999999
XAUUSD_4h_batch_010,2025-07-21T07:37:59.338377,XAUUSD,4h,batch,UP,0.7999999999999999,1.41,FakeBreak_Asian_TrapPattern_4h_Pattern_10,0.7999999999999999
XAUUSD_4h_batch_011,2025-07-21T07:42:59.338381,XAUUSD,4h,batch,DOWN,0.8099999999999999,1.51,VolumeSpike_European_NewsReaction_4h_Pattern_11,0.8099999999999999
XAUUSD_4h_batch_012,2025-07-21T07:47:59.338384,XAUUSD,4h,batch,NEUTRAL,0.82,1.61,RangeExpansion_US_VolatilityBreakout_4h_Pattern_12,0.82
XAUUSD_4h_batch_013,2025-07-21T07:52:59.338388,XAUUSD,4h,batch,UP,0.83,1.7100000000000002,Consolidation_Asian_AccumulationPhase_4h_Pattern_13,0.83
XAUUSD_4h_batch_014,2025-07-21T07:57:59.338390,XAUUSD,4h,batch,DOWN,0.84,1.81,Impulse_European_DirectionalMove_4h_Pattern_14,0.84
XAUUSD_4h_batch_015,2025-07-21T08:02:59.338393,XAUUSD,4h,batch,NEUTRAL,0.85,1.9100000000000001,Correction_US_RetracementPattern_4h_Pattern_15,0.85
XAUUSD_4h_batch_016,2025-07-21T08:07:59.338396,XAUUSD,4h,batch,UP,0.86,2.01,HighVolume_Asian_LiquiditySweep_4h_Pattern_16,0.86
XAUUSD_4h_batch_017,2025-07-21T08:12:59.338398,XAUUSD,4h,batch,DOWN,0.87,2.11,LowVolume_European_TightRange_4h_Pattern_17,0.87
XAUUSD_4h_batch_018,2025-07-21T08:17:59.338401,XAUUSD,4h,batch,NEUTRAL,0.88,2.21,VolatileRange_US_FakeoutProne_4h_Pattern_18,0.88
XAUUSD_4h_batch_019,2025-07-21T08:22:59.338405,XAUUSD,4h,batch,UP,0.8899999999999999,2.3099999999999996,BalancedWicks_Asian_GreedDriven_4h_Pattern_19,0.8899999999999999
XAUUSD_4h_batch_020,2025-07-21T08:27:59.338408,XAUUSD,4h,batch,DOWN,0.8999999999999999,2.41,TightRange_European_FearDriven_4h_Pattern_20,0.8999999999999999
XAUUSD_1d_batch_001,2025-07-21T06:52:59.338420,XAUUSD,1d,batch,UP,0.8099999999999999,0.7,HighVolume_Asian_LiquiditySweep_1d_Pattern_01,0.8099999999999999
XAUUSD_1d_batch_002,2025-07-21T06:57:59.338425,XAUUSD,1d,batch,DOWN,0.82,0.8,LowVolume_European_TightRange_1d_Pattern_02,0.82
XAUUSD_1d_batch_003,2025-07-21T07:02:59.338430,XAUUSD,1d,batch,NEUTRAL,0.83,0.8999999999999999,VolatileRange_US_FakeoutProne_1d_Pattern_03,0.83
XAUUSD_1d_batch_004,2025-07-21T07:07:59.338433,XAUUSD,1d,batch,UP,0.84,1.0,BalancedWicks_Asian_GreedDriven_1d_Pattern_04,0.84
XAUUSD_1d_batch_005,2025-07-21T07:12:59.338436,XAUUSD,1d,batch,DOWN,0.85,1.1,TightRange_European_FearDriven_1d_Pattern_05,0.85
XAUUSD_1d_batch_006,2025-07-21T07:17:59.338439,XAUUSD,1d,batch,NEUTRAL,0.86,1.2,BreakoutPattern_US_MomentumDriven_1d_Pattern_06,0.86
XAUUSD_1d_batch_007,2025-07-21T07:22:59.338442,XAUUSD,1d,batch,UP,0.87,1.3,ReversalPattern_Asian_ExhaustionSignal_1d_Pattern_07,0.87
XAUUSD_1d_batch_008,2025-07-21T07:27:59.338447,XAUUSD,1d,batch,DOWN,0.88,1.4000000000000001,ContinuationPattern_European_TrendFollowing_1d_Pattern_08,0.88
XAUUSD_1d_batch_009,2025-07-21T07:32:59.338450,XAUUSD,1d,batch,NEUTRAL,0.8899999999999999,1.5,GapFill_US_LiquidityReturn_1d_Pattern_09,0.8899999999999999
XAUUSD_1d_batch_010,2025-07-21T07:37:59.338453,XAUUSD,1d,batch,UP,0.8999999999999999,1.5999999999999999,FakeBreak_Asian_TrapPattern_1d_Pattern_10,0.8999999999999999
XAUUSD_1d_batch_011,2025-07-21T07:42:59.338455,XAUUSD,1d,batch,DOWN,0.9099999999999999,1.7,VolumeSpike_European_NewsReaction_1d_Pattern_11,0.9099999999999999
XAUUSD_1d_batch_012,2025-07-21T07:47:59.338460,XAUUSD,1d,batch,NEUTRAL,0.9199999999999999,1.8,RangeExpansion_US_VolatilityBreakout_1d_Pattern_12,0.9199999999999999
XAUUSD_1d_batch_013,2025-07-21T07:52:59.338462,XAUUSD,1d,batch,UP,0.9299999999999999,1.9000000000000001,Consolidation_Asian_AccumulationPhase_1d_Pattern_13,0.9299999999999999
XAUUSD_1d_batch_014,2025-07-21T07:57:59.338465,XAUUSD,1d,batch,DOWN,0.94,2.0,Impulse_European_DirectionalMove_1d_Pattern_14,0.94
XAUUSD_1d_batch_015,2025-07-21T08:02:59.338468,XAUUSD,1d,batch,NEUTRAL,0.95,2.1,Correction_US_RetracementPattern_1d_Pattern_15,0.95
XAUUSD_1d_batch_016,2025-07-21T08:07:59.338473,XAUUSD,1d,batch,UP,0.96,2.2,HighVolume_Asian_LiquiditySweep_1d_Pattern_16,0.96
XAUUSD_1d_batch_017,2025-07-21T08:12:59.338480,XAUUSD,1d,batch,DOWN,0.97,2.3000000000000003,LowVolume_European_TightRange_1d_Pattern_17,0.97
XAUUSD_1d_batch_018,2025-07-21T08:17:59.338483,XAUUSD,1d,batch,NEUTRAL,0.98,2.4000000000000004,VolatileRange_US_FakeoutProne_1d_Pattern_18,0.98
XAUUSD_1d_batch_019,2025-07-21T08:22:59.338486,XAUUSD,1d,batch,UP,0.9899999999999999,2.5,HighVolume_Asian_LiquiditySweep_1d_Pattern_01,0.9899999999999999
XAUUSD_1d_batch_020,2025-07-21T08:27:59.338488,XAUUSD,1d,batch,DOWN,0.9999999999999999,2.6000000000000005,LowVolume_European_TightRange_1d_Pattern_02,0.9999999999999999
XAUUSD_1m_backtest_001,2025-07-21T06:52:59.338499,XAUUSD,1m,backtest,UP,0.77,0.51,HighVolume_Asian_LiquiditySweep_1m_Pattern_01,0.77
XAUUSD_1m_backtest_002,2025-07-21T06:57:59.338504,XAUUSD,1m,backtest,DOWN,0.78,0.61,LowVolume_European_TightRange_1m_Pattern_02,0.78
XAUUSD_1m_backtest_003,2025-07-21T07:02:59.338507,XAUUSD,1m,backtest,NEUTRAL,0.79,0.71,VolatileRange_US_FakeoutProne_1m_Pattern_03,0.79
XAUUSD_1m_backtest_004,2025-07-21T07:07:59.338510,XAUUSD,1m,backtest,UP,0.8,0.81,BalancedWicks_Asian_GreedDriven_1m_Pattern_04,0.8
XAUUSD_1m_backtest_005,2025-07-21T07:12:59.338512,XAUUSD,1m,backtest,DOWN,0.81,0.91,TightRange_European_FearDriven_1m_Pattern_05,0.81
XAUUSD_1m_backtest_006,2025-07-21T07:17:59.338518,XAUUSD,1m,backtest,NEUTRAL,0.8200000000000001,1.01,BreakoutPattern_US_MomentumDriven_1m_Pattern_06,0.8200000000000001
XAUUSD_1m_backtest_007,2025-07-21T07:22:59.338521,XAUUSD,1m,backtest,UP,0.8300000000000001,1.11,ReversalPattern_Asian_ExhaustionSignal_1m_Pattern_07,0.8300000000000001
XAUUSD_1m_backtest_008,2025-07-21T07:27:59.338525,XAUUSD,1m,backtest,DOWN,0.8400000000000001,1.2100000000000002,ContinuationPattern_European_TrendFollowing_1m_Pattern_08,0.8400000000000001
XAUUSD_1m_backtest_009,2025-07-21T07:32:59.338528,XAUUSD,1m,backtest,NEUTRAL,0.8499999999999999,1.31,GapFill_US_LiquidityReturn_1m_Pattern_09,0.8499999999999999
XAUUSD_1m_backtest_010,2025-07-21T07:37:59.338532,XAUUSD,1m,backtest,UP,0.8599999999999999,1.41,FakeBreak_Asian_TrapPattern_1m_Pattern_10,0.8599999999999999
XAUUSD_1m_backtest_011,2025-07-21T07:42:59.338534,XAUUSD,1m,backtest,DOWN,0.8699999999999999,1.51,VolumeSpike_European_NewsReaction_1m_Pattern_11,0.8699999999999999
XAUUSD_1m_backtest_012,2025-07-21T07:47:59.338539,XAUUSD,1m,backtest,NEUTRAL,0.8799999999999999,1.61,RangeExpansion_US_VolatilityBreakout_1m_Pattern_12,0.8799999999999999
XAUUSD_1m_backtest_013,2025-07-21T07:52:59.338543,XAUUSD,1m,backtest,UP,0.8899999999999999,1.7100000000000002,Consolidation_Asian_AccumulationPhase_1m_Pattern_13,0.8899999999999999
XAUUSD_1m_backtest_014,2025-07-21T07:57:59.338553,XAUUSD,1m,backtest,DOWN,0.8999999999999999,1.81,Impulse_European_DirectionalMove_1m_Pattern_14,0.8999999999999999
XAUUSD_1m_backtest_015,2025-07-21T08:02:59.338560,XAUUSD,1m,backtest,NEUTRAL,0.9099999999999999,1.9100000000000001,Correction_US_RetracementPattern_1m_Pattern_15,0.9099999999999999
XAUUSD_1m_backtest_016,2025-07-21T08:07:59.338565,XAUUSD,1m,backtest,UP,0.9199999999999999,2.01,HighVolume_Asian_LiquiditySweep_1m_Pattern_16,0.9199999999999999
XAUUSD_1m_backtest_017,2025-07-21T08:12:59.338569,XAUUSD,1m,backtest,DOWN,0.9299999999999999,2.11,LowVolume_European_TightRange_1m_Pattern_17,0.9299999999999999
XAUUSD_1m_backtest_018,2025-07-21T08:17:59.338572,XAUUSD,1m,backtest,NEUTRAL,0.94,2.21,VolatileRange_US_FakeoutProne_1m_Pattern_18,0.94
XAUUSD_1m_backtest_019,2025-07-21T08:22:59.338575,XAUUSD,1m,backtest,UP,0.95,2.3099999999999996,BalancedWicks_Asian_GreedDriven_1m_Pattern_19,0.95
XAUUSD_1m_backtest_020,2025-07-21T08:27:59.338577,XAUUSD,1m,backtest,DOWN,0.96,2.41,TightRange_European_FearDriven_1m_Pattern_20,0.96
XAUUSD_1m_backtest_021,2025-07-21T08:32:59.338582,XAUUSD,1m,backtest,NEUTRAL,0.97,2.51,BreakoutPattern_US_MomentumDriven_1m_Pattern_21,0.97
XAUUSD_1m_backtest_022,2025-07-21T08:37:59.338586,XAUUSD,1m,backtest,UP,0.98,2.61,ReversalPattern_Asian_ExhaustionSignal_1m_Pattern_22,0.98
XAUUSD_1m_backtest_023,2025-07-21T08:42:59.338589,XAUUSD,1m,backtest,DOWN,0.99,2.71,ContinuationPattern_European_TrendFollowing_1m_Pattern_23,0.99
XAUUSD_1m_backtest_024,2025-07-21T08:47:59.338593,XAUUSD,1m,backtest,NEUTRAL,1.0,2.81,GapFill_US_LiquidityReturn_1m_Pattern_24,1.0
XAUUSD_1m_backtest_025,2025-07-21T08:52:59.338596,XAUUSD,1m,backtest,UP,1.01,2.91,FakeBreak_Asian_TrapPattern_1m_Pattern_25,1.01
XAUUSD_1m_backtest_026,2025-07-21T08:57:59.338600,XAUUSD,1m,backtest,DOWN,1.02,3.01,VolumeSpike_European_NewsReaction_1m_Pattern_26,1.02
XAUUSD_1m_backtest_027,2025-07-21T09:02:59.338603,XAUUSD,1m,backtest,NEUTRAL,1.03,3.11,RangeExpansion_US_VolatilityBreakout_1m_Pattern_27,1.03
XAUUSD_1m_backtest_028,2025-07-21T09:07:59.338606,XAUUSD,1m,backtest,UP,1.04,3.21,Consolidation_Asian_AccumulationPhase_1m_Pattern_28,1.04
XAUUSD_1m_backtest_029,2025-07-21T09:12:59.338610,XAUUSD,1m,backtest,DOWN,1.05,3.31,Impulse_European_DirectionalMove_1m_Pattern_29,1.05
XAUUSD_1m_backtest_030,2025-07-21T09:17:59.338613,XAUUSD,1m,backtest,NEUTRAL,1.06,3.41,Correction_US_RetracementPattern_1m_Pattern_30,1.06
XAUUSD_1m_backtest_031,2025-07-21T09:22:59.338616,XAUUSD,1m,backtest,UP,1.07,3.51,HighVolume_Asian_LiquiditySweep_1m_Pattern_31,1.07
XAUUSD_1m_backtest_032,2025-07-21T09:27:59.338620,XAUUSD,1m,backtest,DOWN,1.08,3.61,LowVolume_European_TightRange_1m_Pattern_32,1.08
XAUUSD_1m_backtest_033,2025-07-21T09:32:59.338624,XAUUSD,1m,backtest,NEUTRAL,1.09,3.71,VolatileRange_US_FakeoutProne_1m_Pattern_33,1.09
XAUUSD_1m_backtest_034,2025-07-21T09:37:59.338629,XAUUSD,1m,backtest,UP,1.1,3.81,BalancedWicks_Asian_GreedDriven_1m_Pattern_34,1.1
XAUUSD_1m_backtest_035,2025-07-21T09:42:59.338632,XAUUSD,1m,backtest,DOWN,1.11,3.91,TightRange_European_FearDriven_1m_Pattern_35,1.11
XAUUSD_1m_backtest_036,2025-07-21T09:47:59.338634,XAUUSD,1m,backtest,NEUTRAL,1.12,4.01,BreakoutPattern_US_MomentumDriven_1m_Pattern_36,1.12
XAUUSD_1m_backtest_037,2025-07-21T09:52:59.338637,XAUUSD,1m,backtest,UP,1.1300000000000001,4.109999999999999,ReversalPattern_Asian_ExhaustionSignal_1m_Pattern_37,1.1300000000000001
XAUUSD_1m_backtest_038,2025-07-21T09:57:59.338640,XAUUSD,1m,backtest,DOWN,1.14,4.21,ContinuationPattern_European_TrendFollowing_1m_Pattern_38,1.14
XAUUSD_1m_backtest_039,2025-07-21T10:02:59.338642,XAUUSD,1m,backtest,NEUTRAL,1.1500000000000001,4.3100000000000005,GapFill_US_LiquidityReturn_1m_Pattern_39,1.1500000000000001
XAUUSD_1m_backtest_040,2025-07-21T10:07:59.338645,XAUUSD,1m,backtest,UP,1.16,4.41,FakeBreak_Asian_TrapPattern_1m_Pattern_40,1.16
XAUUSD_1m_backtest_041,2025-07-21T10:12:59.338647,XAUUSD,1m,backtest,DOWN,1.1700000000000002,4.51,VolumeSpike_European_NewsReaction_1m_Pattern_41,1.1700000000000002
XAUUSD_1m_backtest_042,2025-07-21T10:17:59.338655,XAUUSD,1m,backtest,NEUTRAL,1.18,4.61,RangeExpansion_US_VolatilityBreakout_1m_Pattern_42,1.18
XAUUSD_1m_backtest_043,2025-07-21T10:22:59.338658,XAUUSD,1m,backtest,UP,1.19,4.71,Consolidation_Asian_AccumulationPhase_1m_Pattern_43,1.19
XAUUSD_1m_backtest_044,2025-07-21T10:27:59.338660,XAUUSD,1m,backtest,DOWN,1.2,4.81,Impulse_European_DirectionalMove_1m_Pattern_44,1.2
XAUUSD_1m_backtest_045,2025-07-21T10:32:59.338666,XAUUSD,1m,backtest,NEUTRAL,1.21,4.91,Correction_US_RetracementPattern_1m_Pattern_45,1.21
XAUUSD_1m_backtest_046,2025-07-21T10:37:59.338670,XAUUSD,1m,backtest,UP,1.22,5.01,HighVolume_Asian_LiquiditySweep_1m_Pattern_01,1.22
XAUUSD_1m_backtest_047,2025-07-21T10:42:59.338673,XAUUSD,1m,backtest,DOWN,1.23,5.11,LowVolume_European_TightRange_1m_Pattern_02,1.23
XAUUSD_1m_backtest_048,2025-07-21T10:47:59.338676,XAUUSD,1m,backtest,NEUTRAL,1.24,5.21,VolatileRange_US_FakeoutProne_1m_Pattern_03,1.24
XAUUSD_1m_backtest_049,2025-07-21T10:52:59.338679,XAUUSD,1m,backtest,UP,1.25,5.3100000000000005,BalancedWicks_Asian_GreedDriven_1m_Pattern_04,1.25
XAUUSD_1m_backtest_050,2025-07-21T10:57:59.338681,XAUUSD,1m,backtest,DOWN,1.26,5.41,TightRange_European_FearDriven_1m_Pattern_05,1.26
XAUUSD_1m_backtest_051,2025-07-21T11:02:59.338686,XAUUSD,1m,backtest,NEUTRAL,1.27,5.51,BreakoutPattern_US_MomentumDriven_1m_Pattern_06,1.27
XAUUSD_1m_backtest_052,2025-07-21T11:07:59.338691,XAUUSD,1m,backtest,UP,1.28,5.61,ReversalPattern_Asian_ExhaustionSignal_1m_Pattern_07,1.28
XAUUSD_1m_backtest_053,2025-07-21T11:12:59.338694,XAUUSD,1m,backtest,DOWN,1.29,5.71,ContinuationPattern_European_TrendFollowing_1m_Pattern_08,1.29
XAUUSD_1m_backtest_054,2025-07-21T11:17:59.338697,XAUUSD,1m,backtest,NEUTRAL,1.3,5.8100000000000005,GapFill_US_LiquidityReturn_1m_Pattern_09,1.3
XAUUSD_1m_backtest_055,2025-07-21T11:22:59.338700,XAUUSD,1m,backtest,UP,1.31,5.91,FakeBreak_Asian_TrapPattern_1m_Pattern_10,1.31
XAUUSD_1m_backtest_056,2025-07-21T11:27:59.338702,XAUUSD,1m,backtest,DOWN,1.32,6.01,VolumeSpike_European_NewsReaction_1m_Pattern_11,1.32
XAUUSD_1m_backtest_057,2025-07-21T11:32:59.338705,XAUUSD,1m,backtest,NEUTRAL,1.33,6.11,RangeExpansion_US_VolatilityBreakout_1m_Pattern_12,1.33
XAUUSD_1m_backtest_058,2025-07-21T11:37:59.338708,XAUUSD,1m,backtest,UP,1.34,6.21,Consolidation_Asian_AccumulationPhase_1m_Pattern_13,1.34
XAUUSD_1m_backtest_059,2025-07-21T11:42:59.338712,XAUUSD,1m,backtest,DOWN,1.3499999999999999,6.3100000000000005,Impulse_European_DirectionalMove_1m_Pattern_14,1.3499999999999999
XAUUSD_1m_backtest_060,2025-07-21T11:47:59.338716,XAUUSD,1m,backtest,NEUTRAL,1.36,6.41,Correction_US_RetracementPattern_1m_Pattern_15,1.36
XAUUSD_1m_backtest_061,2025-07-21T11:52:59.338723,XAUUSD,1m,backtest,UP,1.3699999999999999,6.51,HighVolume_Asian_LiquiditySweep_1m_Pattern_16,1.3699999999999999
XAUUSD_1m_backtest_062,2025-07-21T11:57:59.338729,XAUUSD,1m,backtest,DOWN,1.3800000000000001,6.61,LowVolume_European_TightRange_1m_Pattern_17,1.3800000000000001
XAUUSD_1m_backtest_063,2025-07-21T12:02:59.338732,XAUUSD,1m,backtest,NEUTRAL,1.39,6.71,VolatileRange_US_FakeoutProne_1m_Pattern_18,1.39
XAUUSD_1m_backtest_064,2025-07-21T12:07:59.338735,XAUUSD,1m,backtest,UP,1.4000000000000001,6.8100000000000005,BalancedWicks_Asian_GreedDriven_1m_Pattern_19,1.4000000000000001
XAUUSD_1m_backtest_065,2025-07-21T12:12:59.338740,XAUUSD,1m,backtest,DOWN,1.41,6.91,TightRange_European_FearDriven_1m_Pattern_20,1.41
XAUUSD_1m_backtest_066,2025-07-21T12:17:59.338743,XAUUSD,1m,backtest,NEUTRAL,1.4200000000000002,7.01,BreakoutPattern_US_MomentumDriven_1m_Pattern_21,1.4200000000000002
XAUUSD_1m_backtest_067,2025-07-21T12:22:59.338745,XAUUSD,1m,backtest,UP,1.43,7.11,ReversalPattern_Asian_ExhaustionSignal_1m_Pattern_22,1.43
XAUUSD_1m_backtest_068,2025-07-21T12:27:59.338748,XAUUSD,1m,backtest,DOWN,1.4400000000000002,7.21,ContinuationPattern_European_TrendFollowing_1m_Pattern_23,1.4400000000000002
XAUUSD_1m_backtest_069,2025-07-21T12:32:59.338750,XAUUSD,1m,backtest,NEUTRAL,1.45,7.3100000000000005,GapFill_US_LiquidityReturn_1m_Pattern_24,1.45
XAUUSD_1m_backtest_070,2025-07-21T12:37:59.338754,XAUUSD,1m,backtest,UP,1.4600000000000002,7.41,FakeBreak_Asian_TrapPattern_1m_Pattern_25,1.4600000000000002
XAUUSD_1m_backtest_071,2025-07-21T12:42:59.338756,XAUUSD,1m,backtest,DOWN,1.47,7.51,VolumeSpike_European_NewsReaction_1m_Pattern_26,1.47
XAUUSD_1m_backtest_072,2025-07-21T12:47:59.338762,XAUUSD,1m,backtest,NEUTRAL,1.48,7.61,RangeExpansion_US_VolatilityBreakout_1m_Pattern_27,1.48
XAUUSD_1m_backtest_073,2025-07-21T12:52:59.338765,XAUUSD,1m,backtest,UP,1.49,7.71,Consolidation_Asian_AccumulationPhase_1m_Pattern_28,1.49
XAUUSD_1m_backtest_074,2025-07-21T12:57:59.338768,XAUUSD,1m,backtest,DOWN,1.5,7.8100000000000005,Impulse_European_DirectionalMove_1m_Pattern_29,1.5
XAUUSD_1m_backtest_075,2025-07-21T13:02:59.338770,XAUUSD,1m,backtest,NEUTRAL,1.51,7.91,Correction_US_RetracementPattern_1m_Pattern_30,1.51
XAUUSD_1m_backtest_076,2025-07-21T13:07:59.338773,XAUUSD,1m,backtest,UP,1.52,8.01,HighVolume_Asian_LiquiditySweep_1m_Pattern_31,1.52
XAUUSD_1m_backtest_077,2025-07-21T13:12:59.338777,XAUUSD,1m,backtest,DOWN,1.53,8.110000000000001,LowVolume_European_TightRange_1m_Pattern_32,1.53
XAUUSD_1m_backtest_078,2025-07-21T13:17:59.338780,XAUUSD,1m,backtest,NEUTRAL,1.54,8.209999999999999,VolatileRange_US_FakeoutProne_1m_Pattern_33,1.54
XAUUSD_1m_backtest_079,2025-07-21T13:22:59.338784,XAUUSD,1m,backtest,UP,1.55,8.31,BalancedWicks_Asian_GreedDriven_1m_Pattern_34,1.55
XAUUSD_1m_backtest_080,2025-07-21T13:27:59.338787,XAUUSD,1m,backtest,DOWN,1.56,8.41,TightRange_European_FearDriven_1m_Pattern_35,1.56
XAUUSD_1m_backtest_081,2025-07-21T13:32:59.338789,XAUUSD,1m,backtest,NEUTRAL,1.57,8.51,BreakoutPattern_US_MomentumDriven_1m_Pattern_36,1.57
XAUUSD_1m_backtest_082,2025-07-21T13:37:59.338793,XAUUSD,1m,backtest,UP,1.58,8.61,ReversalPattern_Asian_ExhaustionSignal_1m_Pattern_37,1.58
XAUUSD_1m_backtest_083,2025-07-21T13:42:59.338796,XAUUSD,1m,backtest,DOWN,1.59,8.71,ContinuationPattern_European_TrendFollowing_1m_Pattern_38,1.59
XAUUSD_1m_backtest_084,2025-07-21T13:47:59.338801,XAUUSD,1m,backtest,NEUTRAL,1.6,8.81,GapFill_US_LiquidityReturn_1m_Pattern_39,1.6
XAUUSD_1m_backtest_085,2025-07-21T13:52:59.338805,XAUUSD,1m,backtest,UP,1.61,8.91,FakeBreak_Asian_TrapPattern_1m_Pattern_40,1.61
XAUUSD_1m_backtest_086,2025-07-21T13:57:59.338808,XAUUSD,1m,backtest,DOWN,1.6199999999999999,9.01,VolumeSpike_European_NewsReaction_1m_Pattern_41,1.6199999999999999
XAUUSD_1m_backtest_087,2025-07-21T14:02:59.338811,XAUUSD,1m,backtest,NEUTRAL,1.6300000000000001,9.11,RangeExpansion_US_VolatilityBreakout_1m_Pattern_42,1.6300000000000001
XAUUSD_1m_backtest_088,2025-07-21T14:07:59.338815,XAUUSD,1m,backtest,UP,1.64,9.21,Consolidation_Asian_AccumulationPhase_1m_Pattern_43,1.64
XAUUSD_1m_backtest_089,2025-07-21T14:12:59.338818,XAUUSD,1m,backtest,DOWN,1.6500000000000001,9.31,Impulse_European_DirectionalMove_1m_Pattern_44,1.6500000000000001
XAUUSD_1m_backtest_090,2025-07-21T14:17:59.338820,XAUUSD,1m,backtest,NEUTRAL,1.66,9.41,Correction_US_RetracementPattern_1m_Pattern_45,1.66
XAUUSD_1m_backtest_091,2025-07-21T14:22:59.338823,XAUUSD,1m,backtest,UP,1.6700000000000002,9.51,HighVolume_Asian_LiquiditySweep_1m_Pattern_01,1.6700000000000002
XAUUSD_1m_backtest_092,2025-07-21T14:27:59.338827,XAUUSD,1m,backtest,DOWN,1.68,9.61,LowVolume_European_TightRange_1m_Pattern_02,1.68
XAUUSD_1m_backtest_093,2025-07-21T14:32:59.338832,XAUUSD,1m,backtest,NEUTRAL,1.6900000000000002,9.71,VolatileRange_US_FakeoutProne_1m_Pattern_03,1.6900000000000002
XAUUSD_1m_backtest_094,2025-07-21T14:37:59.338834,XAUUSD,1m,backtest,UP,1.7,9.81,BalancedWicks_Asian_GreedDriven_1m_Pattern_04,1.7
XAUUSD_1m_backtest_095,2025-07-21T14:42:59.338837,XAUUSD,1m,backtest,DOWN,1.7100000000000002,9.91,TightRange_European_FearDriven_1m_Pattern_05,1.7100000000000002
XAUUSD_1m_backtest_096,2025-07-21T14:47:59.338840,XAUUSD,1m,backtest,NEUTRAL,1.72,10.01,BreakoutPattern_US_MomentumDriven_1m_Pattern_06,1.72
XAUUSD_1m_backtest_097,2025-07-21T14:52:59.338846,XAUUSD,1m,backtest,UP,1.73,10.110000000000001,ReversalPattern_Asian_ExhaustionSignal_1m_Pattern_07,1.73
XAUUSD_1m_backtest_098,2025-07-21T14:57:59.338849,XAUUSD,1m,backtest,DOWN,1.74,10.21,ContinuationPattern_European_TrendFollowing_1m_Pattern_08,1.74
XAUUSD_1m_backtest_099,2025-07-21T15:02:59.338852,XAUUSD,1m,backtest,NEUTRAL,1.75,10.31,GapFill_US_LiquidityReturn_1m_Pattern_09,1.75
XAUUSD_1m_backtest_100,2025-07-21T15:07:59.338854,XAUUSD,1m,backtest,UP,1.76,10.41,FakeBreak_Asian_TrapPattern_1m_Pattern_10,1.76
XAUUSD_5m_backtest_001,2025-07-21T06:52:59.338877,XAUUSD,5m,backtest,UP,0.83,0.67,HighVolume_Asian_LiquiditySweep_5m_Pattern_01,0.83
XAUUSD_5m_backtest_002,2025-07-21T06:57:59.338882,XAUUSD,5m,backtest,DOWN,0.84,0.77,LowVolume_European_TightRange_5m_Pattern_02,0.84
XAUUSD_5m_backtest_003,2025-07-21T07:02:59.338887,XAUUSD,5m,backtest,NEUTRAL,0.85,0.87,VolatileRange_US_FakeoutProne_5m_Pattern_03,0.85
XAUUSD_5m_backtest_004,2025-07-21T07:07:59.338890,XAUUSD,5m,backtest,UP,0.86,0.9700000000000001,BalancedWicks_Asian_GreedDriven_5m_Pattern_04,0.86
XAUUSD_5m_backtest_005,2025-07-21T07:12:59.338892,XAUUSD,5m,backtest,DOWN,0.87,1.07,TightRange_European_FearDriven_5m_Pattern_05,0.87
XAUUSD_5m_backtest_006,2025-07-21T07:17:59.338897,XAUUSD,5m,backtest,NEUTRAL,0.88,1.17,BreakoutPattern_US_MomentumDriven_5m_Pattern_06,0.88
XAUUSD_5m_backtest_007,2025-07-21T07:22:59.338900,XAUUSD,5m,backtest,UP,0.89,1.27,ReversalPattern_Asian_ExhaustionSignal_5m_Pattern_07,0.89
XAUUSD_5m_backtest_008,2025-07-21T07:27:59.338904,XAUUSD,5m,backtest,DOWN,0.9,1.37,ContinuationPattern_European_TrendFollowing_5m_Pattern_08,0.9
XAUUSD_5m_backtest_009,2025-07-21T07:32:59.338907,XAUUSD,5m,backtest,NEUTRAL,0.9099999999999999,1.47,GapFill_US_LiquidityReturn_5m_Pattern_09,0.9099999999999999
XAUUSD_5m_backtest_010,2025-07-21T07:37:59.338912,XAUUSD,5m,backtest,UP,0.9199999999999999,1.5699999999999998,FakeBreak_Asian_TrapPattern_5m_Pattern_10,0.9199999999999999
XAUUSD_5m_backtest_011,2025-07-21T07:42:59.338917,XAUUSD,5m,backtest,DOWN,0.9299999999999999,1.67,VolumeSpike_European_NewsReaction_5m_Pattern_11,0.9299999999999999
XAUUSD_5m_backtest_012,2025-07-21T07:47:59.338921,XAUUSD,5m,backtest,NEUTRAL,0.94,1.77,RangeExpansion_US_VolatilityBreakout_5m_Pattern_12,0.94
XAUUSD_5m_backtest_013,2025-07-21T07:52:59.338924,XAUUSD,5m,backtest,UP,0.95,1.87,Consolidation_Asian_AccumulationPhase_5m_Pattern_13,0.95
XAUUSD_5m_backtest_014,2025-07-21T07:57:59.338926,XAUUSD,5m,backtest,DOWN,0.96,1.97,Impulse_European_DirectionalMove_5m_Pattern_14,0.96
XAUUSD_5m_backtest_015,2025-07-21T08:02:59.338931,XAUUSD,5m,backtest,NEUTRAL,0.97,2.0700000000000003,Correction_US_RetracementPattern_5m_Pattern_15,0.97
XAUUSD_5m_backtest_016,2025-07-21T08:07:59.338934,XAUUSD,5m,backtest,UP,0.98,2.17,HighVolume_Asian_LiquiditySweep_5m_Pattern_16,0.98
XAUUSD_5m_backtest_017,2025-07-21T08:12:59.338936,XAUUSD,5m,backtest,DOWN,0.99,2.27,LowVolume_European_TightRange_5m_Pattern_17,0.99
XAUUSD_5m_backtest_018,2025-07-21T08:17:59.338939,XAUUSD,5m,backtest,NEUTRAL,1.0,2.37,VolatileRange_US_FakeoutProne_5m_Pattern_18,1.0
XAUUSD_5m_backtest_019,2025-07-21T08:22:59.338942,XAUUSD,5m,backtest,UP,1.0099999999999998,2.4699999999999998,BalancedWicks_Asian_GreedDriven_5m_Pattern_19,1.0099999999999998
XAUUSD_5m_backtest_020,2025-07-21T08:27:59.338944,XAUUSD,5m,backtest,DOWN,1.02,2.5700000000000003,TightRange_European_FearDriven_5m_Pattern_20,1.02
XAUUSD_5m_backtest_021,2025-07-21T08:32:59.338947,XAUUSD,5m,backtest,NEUTRAL,1.0299999999999998,2.67,BreakoutPattern_US_MomentumDriven_5m_Pattern_21,1.0299999999999998
XAUUSD_5m_backtest_022,2025-07-21T08:37:59.338953,XAUUSD,5m,backtest,UP,1.04,2.77,ReversalPattern_Asian_ExhaustionSignal_5m_Pattern_22,1.04
XAUUSD_5m_backtest_023,2025-07-21T08:42:59.338958,XAUUSD,5m,backtest,DOWN,1.0499999999999998,2.87,ContinuationPattern_European_TrendFollowing_5m_Pattern_23,1.0499999999999998
XAUUSD_5m_backtest_024,2025-07-21T08:47:59.338965,XAUUSD,5m,backtest,NEUTRAL,1.06,2.97,GapFill_US_LiquidityReturn_5m_Pattern_24,1.06
XAUUSD_5m_backtest_025,2025-07-21T08:52:59.338967,XAUUSD,5m,backtest,UP,1.0699999999999998,3.0700000000000003,FakeBreak_Asian_TrapPattern_5m_Pattern_25,1.0699999999999998
XAUUSD_5m_backtest_026,2025-07-21T08:57:59.338970,XAUUSD,5m,backtest,DOWN,1.08,3.17,VolumeSpike_European_NewsReaction_5m_Pattern_26,1.08
XAUUSD_5m_backtest_027,2025-07-21T09:02:59.338973,XAUUSD,5m,backtest,NEUTRAL,1.0899999999999999,3.27,RangeExpansion_US_VolatilityBreakout_5m_Pattern_27,1.0899999999999999
XAUUSD_5m_backtest_028,2025-07-21T09:07:59.338975,XAUUSD,5m,backtest,UP,1.1,3.37,Consolidation_Asian_AccumulationPhase_5m_Pattern_28,1.1
XAUUSD_5m_backtest_029,2025-07-21T09:12:59.338978,XAUUSD,5m,backtest,DOWN,1.1099999999999999,3.47,Impulse_European_DirectionalMove_5m_Pattern_29,1.1099999999999999
XAUUSD_5m_backtest_030,2025-07-21T09:17:59.338980,XAUUSD,5m,backtest,NEUTRAL,1.12,3.5700000000000003,Correction_US_RetracementPattern_5m_Pattern_30,1.12
XAUUSD_5m_backtest_031,2025-07-21T09:22:59.338983,XAUUSD,5m,backtest,UP,1.13,3.67,HighVolume_Asian_LiquiditySweep_5m_Pattern_31,1.13
XAUUSD_5m_backtest_032,2025-07-21T09:27:59.338987,XAUUSD,5m,backtest,DOWN,1.1400000000000001,3.77,LowVolume_European_TightRange_5m_Pattern_32,1.1400000000000001
XAUUSD_5m_backtest_033,2025-07-21T09:32:59.338991,XAUUSD,5m,backtest,NEUTRAL,1.15,3.87,VolatileRange_US_FakeoutProne_5m_Pattern_33,1.15
XAUUSD_5m_backtest_034,2025-07-21T09:37:59.338994,XAUUSD,5m,backtest,UP,1.1600000000000001,3.97,BalancedWicks_Asian_GreedDriven_5m_Pattern_34,1.1600000000000001
XAUUSD_5m_backtest_035,2025-07-21T09:42:59.338999,XAUUSD,5m,backtest,DOWN,1.17,4.07,TightRange_European_FearDriven_5m_Pattern_35,1.17
XAUUSD_5m_backtest_036,2025-07-21T09:47:59.339002,XAUUSD,5m,backtest,NEUTRAL,1.1800000000000002,4.17,BreakoutPattern_US_MomentumDriven_5m_Pattern_36,1.1800000000000002
XAUUSD_5m_backtest_037,2025-07-21T09:52:59.339004,XAUUSD,5m,backtest,UP,1.19,4.27,ReversalPattern_Asian_ExhaustionSignal_5m_Pattern_37,1.19
XAUUSD_5m_backtest_038,2025-07-21T09:57:59.339007,XAUUSD,5m,backtest,DOWN,1.1999999999999997,4.37,ContinuationPattern_European_TrendFollowing_5m_Pattern_38,1.1999999999999997
XAUUSD_5m_backtest_039,2025-07-21T10:02:59.339010,XAUUSD,5m,backtest,NEUTRAL,1.21,4.470000000000001,HighVolume_Asian_LiquiditySweep_5m_Pattern_01,1.21
XAUUSD_5m_backtest_040,2025-07-21T10:07:59.339014,XAUUSD,5m,backtest,UP,1.2199999999999998,4.57,LowVolume_European_TightRange_5m_Pattern_02,1.2199999999999998
XAUUSD_5m_backtest_041,2025-07-21T10:12:59.339016,XAUUSD,5m,backtest,DOWN,1.23,4.67,VolatileRange_US_FakeoutProne_5m_Pattern_03,1.23
XAUUSD_5m_backtest_042,2025-07-21T10:17:59.339028,XAUUSD,5m,backtest,NEUTRAL,1.2399999999999998,4.7700000000000005,BalancedWicks_Asian_GreedDriven_5m_Pattern_04,1.2399999999999998
XAUUSD_5m_backtest_043,2025-07-21T10:22:59.339031,XAUUSD,5m,backtest,UP,1.25,4.87,TightRange_European_FearDriven_5m_Pattern_05,1.25
XAUUSD_5m_backtest_044,2025-07-21T10:27:59.339033,XAUUSD,5m,backtest,DOWN,1.2599999999999998,4.97,BreakoutPattern_US_MomentumDriven_5m_Pattern_06,1.2599999999999998
XAUUSD_5m_backtest_045,2025-07-21T10:32:59.339036,XAUUSD,5m,backtest,NEUTRAL,1.27,5.07,ReversalPattern_Asian_ExhaustionSignal_5m_Pattern_07,1.27
XAUUSD_5m_backtest_046,2025-07-21T10:37:59.339039,XAUUSD,5m,backtest,UP,1.2799999999999998,5.17,ContinuationPattern_European_TrendFollowing_5m_Pattern_08,1.2799999999999998
XAUUSD_5m_backtest_047,2025-07-21T10:42:59.339041,XAUUSD,5m,backtest,DOWN,1.29,5.2700000000000005,GapFill_US_LiquidityReturn_5m_Pattern_09,1.29
XAUUSD_5m_backtest_048,2025-07-21T10:47:59.339046,XAUUSD,5m,backtest,NEUTRAL,1.2999999999999998,5.37,FakeBreak_Asian_TrapPattern_5m_Pattern_10,1.2999999999999998
XAUUSD_5m_backtest_049,2025-07-21T10:52:59.339048,XAUUSD,5m,backtest,UP,1.31,5.470000000000001,VolumeSpike_European_NewsReaction_5m_Pattern_11,1.31
XAUUSD_5m_backtest_050,2025-07-21T10:57:59.339051,XAUUSD,5m,backtest,DOWN,1.3199999999999998,5.57,RangeExpansion_US_VolatilityBreakout_5m_Pattern_12,1.3199999999999998
XAUUSD_5m_backtest_051,2025-07-21T11:02:59.339055,XAUUSD,5m,backtest,NEUTRAL,1.33,5.67,Consolidation_Asian_AccumulationPhase_5m_Pattern_13,1.33
XAUUSD_5m_backtest_052,2025-07-21T11:07:59.339060,XAUUSD,5m,backtest,UP,1.3399999999999999,5.7700000000000005,Impulse_European_DirectionalMove_5m_Pattern_14,1.3399999999999999
XAUUSD_5m_backtest_053,2025-07-21T11:12:59.339063,XAUUSD,5m,backtest,DOWN,1.35,5.87,Correction_US_RetracementPattern_5m_Pattern_15,1.35
XAUUSD_5m_backtest_054,2025-07-21T11:17:59.339066,XAUUSD,5m,backtest,NEUTRAL,1.3599999999999999,5.970000000000001,HighVolume_Asian_LiquiditySweep_5m_Pattern_16,1.3599999999999999
XAUUSD_5m_backtest_055,2025-07-21T11:22:59.339068,XAUUSD,5m,backtest,UP,1.37,6.07,LowVolume_European_TightRange_5m_Pattern_17,1.37
XAUUSD_5m_backtest_056,2025-07-21T11:27:59.339071,XAUUSD,5m,backtest,DOWN,1.38,6.17,VolatileRange_US_FakeoutProne_5m_Pattern_18,1.38
XAUUSD_5m_backtest_057,2025-07-21T11:32:59.339074,XAUUSD,5m,backtest,NEUTRAL,1.3900000000000001,6.2700000000000005,BalancedWicks_Asian_GreedDriven_5m_Pattern_19,1.3900000000000001
XAUUSD_5m_backtest_058,2025-07-21T11:37:59.339076,XAUUSD,5m,backtest,UP,1.4,6.37,TightRange_European_FearDriven_5m_Pattern_20,1.4
XAUUSD_5m_backtest_059,2025-07-21T11:42:59.339079,XAUUSD,5m,backtest,DOWN,1.4099999999999997,6.470000000000001,BreakoutPattern_US_MomentumDriven_5m_Pattern_21,1.4099999999999997
XAUUSD_5m_backtest_060,2025-07-21T11:47:59.339083,XAUUSD,5m,backtest,NEUTRAL,1.42,6.57,ReversalPattern_Asian_ExhaustionSignal_5m_Pattern_22,1.42
XAUUSD_5m_backtest_061,2025-07-21T11:52:59.339089,XAUUSD,5m,backtest,UP,1.4299999999999997,6.67,ContinuationPattern_European_TrendFollowing_5m_Pattern_23,1.4299999999999997
XAUUSD_5m_backtest_062,2025-07-21T11:57:59.339093,XAUUSD,5m,backtest,DOWN,1.44,6.7700000000000005,GapFill_US_LiquidityReturn_5m_Pattern_24,1.44
XAUUSD_5m_backtest_063,2025-07-21T12:02:59.339098,XAUUSD,5m,backtest,NEUTRAL,1.4499999999999997,6.87,FakeBreak_Asian_TrapPattern_5m_Pattern_25,1.4499999999999997
XAUUSD_5m_backtest_064,2025-07-21T12:07:59.339100,XAUUSD,5m,backtest,UP,1.46,6.970000000000001,VolumeSpike_European_NewsReaction_5m_Pattern_26,1.46
XAUUSD_5m_backtest_065,2025-07-21T12:12:59.339103,XAUUSD,5m,backtest,DOWN,1.4699999999999998,7.07,RangeExpansion_US_VolatilityBreakout_5m_Pattern_27,1.4699999999999998
XAUUSD_5m_backtest_066,2025-07-21T12:17:59.339106,XAUUSD,5m,backtest,NEUTRAL,1.48,7.17,Consolidation_Asian_AccumulationPhase_5m_Pattern_28,1.48
XAUUSD_5m_backtest_067,2025-07-21T12:22:59.339109,XAUUSD,5m,backtest,UP,1.4899999999999998,7.2700000000000005,Impulse_European_DirectionalMove_5m_Pattern_29,1.4899999999999998
XAUUSD_5m_backtest_068,2025-07-21T12:27:59.339111,XAUUSD,5m,backtest,DOWN,1.5,7.37,Correction_US_RetracementPattern_5m_Pattern_30,1.5
XAUUSD_5m_backtest_069,2025-07-21T12:32:59.339114,XAUUSD,5m,backtest,NEUTRAL,1.5099999999999998,7.470000000000001,HighVolume_Asian_LiquiditySweep_5m_Pattern_31,1.5099999999999998
XAUUSD_5m_backtest_070,2025-07-21T12:37:59.339119,XAUUSD,5m,backtest,UP,1.52,7.57,LowVolume_European_TightRange_5m_Pattern_32,1.52
XAUUSD_5m_backtest_071,2025-07-21T12:42:59.339121,XAUUSD,5m,backtest,DOWN,1.5299999999999998,7.67,VolatileRange_US_FakeoutProne_5m_Pattern_33,1.5299999999999998
XAUUSD_5m_backtest_072,2025-07-21T12:47:59.339127,XAUUSD,5m,backtest,NEUTRAL,1.54,7.7700000000000005,BalancedWicks_Asian_GreedDriven_5m_Pattern_34,1.54
XAUUSD_5m_backtest_073,2025-07-21T12:52:59.339130,XAUUSD,5m,backtest,UP,1.5499999999999998,7.87,TightRange_European_FearDriven_5m_Pattern_35,1.5499999999999998
XAUUSD_5m_backtest_074,2025-07-21T12:57:59.339134,XAUUSD,5m,backtest,DOWN,1.56,7.970000000000001,BreakoutPattern_US_MomentumDriven_5m_Pattern_36,1.56
XAUUSD_5m_backtest_075,2025-07-21T13:02:59.339137,XAUUSD,5m,backtest,NEUTRAL,1.5699999999999998,8.07,ReversalPattern_Asian_ExhaustionSignal_5m_Pattern_37,1.5699999999999998
XAUUSD_5m_backtest_076,2025-07-21T13:07:59.339140,XAUUSD,5m,backtest,UP,1.58,8.17,ContinuationPattern_European_TrendFollowing_5m_Pattern_38,1.58
XAUUSD_5m_backtest_077,2025-07-21T13:12:59.339143,XAUUSD,5m,backtest,DOWN,1.5899999999999999,8.270000000000001,HighVolume_Asian_LiquiditySweep_5m_Pattern_01,1.5899999999999999
XAUUSD_5m_backtest_078,2025-07-21T13:17:59.339146,XAUUSD,5m,backtest,NEUTRAL,1.6,8.37,LowVolume_European_TightRange_5m_Pattern_02,1.6
XAUUSD_5m_backtest_079,2025-07-21T13:22:59.339150,XAUUSD,5m,backtest,UP,1.6099999999999999,8.47,VolatileRange_US_FakeoutProne_5m_Pattern_03,1.6099999999999999
XAUUSD_5m_backtest_080,2025-07-21T13:27:59.339153,XAUUSD,5m,backtest,DOWN,1.62,8.57,BalancedWicks_Asian_GreedDriven_5m_Pattern_04,1.62
XAUUSD_5m_backtest_081,2025-07-21T13:32:59.339157,XAUUSD,5m,backtest,NEUTRAL,1.63,8.67,TightRange_European_FearDriven_5m_Pattern_05,1.63
XAUUSD_5m_backtest_082,2025-07-21T13:37:59.339161,XAUUSD,5m,backtest,UP,1.6400000000000001,8.77,BreakoutPattern_US_MomentumDriven_5m_Pattern_06,1.6400000000000001
XAUUSD_5m_backtest_083,2025-07-21T13:42:59.339164,XAUUSD,5m,backtest,DOWN,1.65,8.870000000000001,ReversalPattern_Asian_ExhaustionSignal_5m_Pattern_07,1.65
XAUUSD_5m_backtest_084,2025-07-21T13:47:59.339166,XAUUSD,5m,backtest,NEUTRAL,1.6600000000000001,8.97,ContinuationPattern_European_TrendFollowing_5m_Pattern_08,1.6600000000000001
XAUUSD_5m_backtest_085,2025-07-21T13:52:59.339169,XAUUSD,5m,backtest,UP,1.67,9.07,GapFill_US_LiquidityReturn_5m_Pattern_09,1.67
XAUUSD_5m_backtest_086,2025-07-21T13:57:59.339173,XAUUSD,5m,backtest,DOWN,1.6799999999999997,9.17,FakeBreak_Asian_TrapPattern_5m_Pattern_10,1.6799999999999997
XAUUSD_5m_backtest_087,2025-07-21T14:02:59.339176,XAUUSD,5m,backtest,NEUTRAL,1.69,9.27,VolumeSpike_European_NewsReaction_5m_Pattern_11,1.69
XAUUSD_5m_backtest_088,2025-07-21T14:07:59.339182,XAUUSD,5m,backtest,UP,1.6999999999999997,9.370000000000001,RangeExpansion_US_VolatilityBreakout_5m_Pattern_12,1.6999999999999997
XAUUSD_5m_backtest_089,2025-07-21T14:12:59.339185,XAUUSD,5m,backtest,DOWN,1.71,9.47,Consolidation_Asian_AccumulationPhase_5m_Pattern_13,1.71
XAUUSD_5m_backtest_090,2025-07-21T14:17:59.339187,XAUUSD,5m,backtest,NEUTRAL,1.7199999999999998,9.57,Impulse_European_DirectionalMove_5m_Pattern_14,1.7199999999999998
XAUUSD_5m_backtest_091,2025-07-21T14:22:59.339190,XAUUSD,5m,backtest,UP,1.73,9.67,Correction_US_RetracementPattern_5m_Pattern_15,1.73
XAUUSD_5m_backtest_092,2025-07-21T14:27:59.339195,XAUUSD,5m,backtest,DOWN,1.7399999999999998,9.77,HighVolume_Asian_LiquiditySweep_5m_Pattern_16,1.7399999999999998
XAUUSD_5m_backtest_093,2025-07-21T14:32:59.339198,XAUUSD,5m,backtest,NEUTRAL,1.75,9.870000000000001,LowVolume_European_TightRange_5m_Pattern_17,1.75
XAUUSD_5m_backtest_094,2025-07-21T14:37:59.339200,XAUUSD,5m,backtest,UP,1.7599999999999998,9.97,VolatileRange_US_FakeoutProne_5m_Pattern_18,1.7599999999999998
XAUUSD_5m_backtest_095,2025-07-21T14:42:59.339203,XAUUSD,5m,backtest,DOWN,1.77,10.07,BalancedWicks_Asian_GreedDriven_5m_Pattern_19,1.77
XAUUSD_5m_backtest_096,2025-07-21T14:47:59.339205,XAUUSD,5m,backtest,NEUTRAL,1.7799999999999998,10.17,TightRange_European_FearDriven_5m_Pattern_20,1.7799999999999998
XAUUSD_5m_backtest_097,2025-07-21T14:52:59.339210,XAUUSD,5m,backtest,UP,1.79,10.270000000000001,BreakoutPattern_US_MomentumDriven_5m_Pattern_21,1.79
XAUUSD_5m_backtest_098,2025-07-21T14:57:59.339213,XAUUSD,5m,backtest,DOWN,1.7999999999999998,10.370000000000001,ReversalPattern_Asian_ExhaustionSignal_5m_Pattern_22,1.7999999999999998
XAUUSD_5m_backtest_099,2025-07-21T15:02:59.339218,XAUUSD,5m,backtest,NEUTRAL,1.81,10.47,ContinuationPattern_European_TrendFollowing_5m_Pattern_23,1.81
XAUUSD_5m_backtest_100,2025-07-21T15:07:59.339222,XAUUSD,5m,backtest,UP,1.8199999999999998,10.57,GapFill_US_LiquidityReturn_5m_Pattern_24,1.8199999999999998
XAUUSD_15m_backtest_001,2025-07-21T06:52:59.339246,XAUUSD,15m,backtest,UP,0.7999999999999999,0.69,HighVolume_Asian_LiquiditySweep_15m_Pattern_01,0.7999999999999999
XAUUSD_15m_backtest_002,2025-07-21T06:57:59.339251,XAUUSD,15m,backtest,DOWN,0.8099999999999999,0.79,LowVolume_European_TightRange_15m_Pattern_02,0.8099999999999999
XAUUSD_15m_backtest_003,2025-07-21T07:02:59.339254,XAUUSD,15m,backtest,NEUTRAL,0.82,0.8899999999999999,VolatileRange_US_FakeoutProne_15m_Pattern_03,0.82
XAUUSD_15m_backtest_004,2025-07-21T07:07:59.339258,XAUUSD,15m,backtest,UP,0.83,0.99,BalancedWicks_Asian_GreedDriven_15m_Pattern_04,0.83
XAUUSD_15m_backtest_005,2025-07-21T07:12:59.339260,XAUUSD,15m,backtest,DOWN,0.84,1.09,TightRange_European_FearDriven_15m_Pattern_05,0.84
XAUUSD_15m_backtest_006,2025-07-21T07:17:59.339270,XAUUSD,15m,backtest,NEUTRAL,0.85,1.19,BreakoutPattern_US_MomentumDriven_15m_Pattern_06,0.85
XAUUSD_15m_backtest_007,2025-07-21T07:22:59.339274,XAUUSD,15m,backtest,UP,0.86,1.29,ReversalPattern_Asian_ExhaustionSignal_15m_Pattern_07,0.86
XAUUSD_15m_backtest_008,2025-07-21T07:27:59.339277,XAUUSD,15m,backtest,DOWN,0.87,1.3900000000000001,ContinuationPattern_European_TrendFollowing_15m_Pattern_08,0.87
XAUUSD_15m_backtest_009,2025-07-21T07:32:59.339279,XAUUSD,15m,backtest,NEUTRAL,0.8799999999999999,1.49,GapFill_US_LiquidityReturn_15m_Pattern_09,0.8799999999999999
XAUUSD_15m_backtest_010,2025-07-21T07:37:59.339282,XAUUSD,15m,backtest,UP,0.8899999999999999,1.5899999999999999,FakeBreak_Asian_TrapPattern_15m_Pattern_10,0.8899999999999999
XAUUSD_15m_backtest_011,2025-07-21T07:42:59.339286,XAUUSD,15m,backtest,DOWN,0.8999999999999999,1.69,VolumeSpike_European_NewsReaction_15m_Pattern_11,0.8999999999999999
XAUUSD_15m_backtest_012,2025-07-21T07:47:59.339294,XAUUSD,15m,backtest,NEUTRAL,0.9099999999999999,1.79,RangeExpansion_US_VolatilityBreakout_15m_Pattern_12,0.9099999999999999
XAUUSD_15m_backtest_013,2025-07-21T07:52:59.339297,XAUUSD,15m,backtest,UP,0.9199999999999999,1.8900000000000001,Consolidation_Asian_AccumulationPhase_15m_Pattern_13,0.9199999999999999
XAUUSD_15m_backtest_014,2025-07-21T07:57:59.339300,XAUUSD,15m,backtest,DOWN,0.9299999999999999,1.99,Impulse_European_DirectionalMove_15m_Pattern_14,0.9299999999999999
XAUUSD_15m_backtest_015,2025-07-21T08:02:59.339304,XAUUSD,15m,backtest,NEUTRAL,0.94,2.0900000000000003,Correction_US_RetracementPattern_15m_Pattern_15,0.94
XAUUSD_15m_backtest_016,2025-07-21T08:07:59.339307,XAUUSD,15m,backtest,UP,0.95,2.19,HighVolume_Asian_LiquiditySweep_15m_Pattern_16,0.95
XAUUSD_15m_backtest_017,2025-07-21T08:12:59.339310,XAUUSD,15m,backtest,DOWN,0.96,2.29,LowVolume_European_TightRange_15m_Pattern_17,0.96
XAUUSD_15m_backtest_018,2025-07-21T08:17:59.339312,XAUUSD,15m,backtest,NEUTRAL,0.97,2.39,VolatileRange_US_FakeoutProne_15m_Pattern_18,0.97
XAUUSD_15m_backtest_019,2025-07-21T08:22:59.339317,XAUUSD,15m,backtest,UP,0.9799999999999999,2.4899999999999998,BalancedWicks_Asian_GreedDriven_15m_Pattern_19,0.9799999999999999
XAUUSD_15m_backtest_020,2025-07-21T08:27:59.339321,XAUUSD,15m,backtest,DOWN,0.9899999999999999,2.5900000000000003,TightRange_European_FearDriven_15m_Pattern_20,0.9899999999999999
XAUUSD_15m_backtest_021,2025-07-21T08:32:59.339324,XAUUSD,15m,backtest,NEUTRAL,0.9999999999999999,2.69,BreakoutPattern_US_MomentumDriven_15m_Pattern_21,0.9999999999999999
XAUUSD_15m_backtest_022,2025-07-21T08:37:59.339329,XAUUSD,15m,backtest,UP,1.01,2.79,ReversalPattern_Asian_ExhaustionSignal_15m_Pattern_22,1.01
XAUUSD_15m_backtest_023,2025-07-21T08:42:59.339332,XAUUSD,15m,backtest,DOWN,1.02,2.89,ContinuationPattern_European_TrendFollowing_15m_Pattern_23,1.02
XAUUSD_15m_backtest_024,2025-07-21T08:47:59.339338,XAUUSD,15m,backtest,NEUTRAL,1.03,2.99,GapFill_US_LiquidityReturn_15m_Pattern_24,1.03
XAUUSD_15m_backtest_025,2025-07-21T08:52:59.339425,XAUUSD,15m,backtest,UP,1.04,3.0900000000000003,FakeBreak_Asian_TrapPattern_15m_Pattern_25,1.04
XAUUSD_15m_backtest_026,2025-07-21T08:57:59.339429,XAUUSD,15m,backtest,DOWN,1.05,3.19,VolumeSpike_European_NewsReaction_15m_Pattern_26,1.05
XAUUSD_15m_backtest_027,2025-07-21T09:02:59.339432,XAUUSD,15m,backtest,NEUTRAL,1.06,3.29,RangeExpansion_US_VolatilityBreakout_15m_Pattern_27,1.06
XAUUSD_15m_backtest_028,2025-07-21T09:07:59.339434,XAUUSD,15m,backtest,UP,1.07,3.39,Consolidation_Asian_AccumulationPhase_15m_Pattern_28,1.07
XAUUSD_15m_backtest_029,2025-07-21T09:12:59.339437,XAUUSD,15m,backtest,DOWN,1.08,3.49,Impulse_European_DirectionalMove_15m_Pattern_29,1.08
XAUUSD_15m_backtest_030,2025-07-21T09:17:59.339440,XAUUSD,15m,backtest,NEUTRAL,1.09,3.5900000000000003,Correction_US_RetracementPattern_15m_Pattern_30,1.09
XAUUSD_15m_backtest_031,2025-07-21T09:22:59.339442,XAUUSD,15m,backtest,UP,1.1,3.69,HighVolume_Asian_LiquiditySweep_15m_Pattern_31,1.1
XAUUSD_15m_backtest_032,2025-07-21T09:27:59.339447,XAUUSD,15m,backtest,DOWN,1.11,3.79,LowVolume_European_TightRange_15m_Pattern_32,1.11
XAUUSD_15m_backtest_033,2025-07-21T09:32:59.339451,XAUUSD,15m,backtest,NEUTRAL,1.12,3.89,HighVolume_Asian_LiquiditySweep_15m_Pattern_01,1.12
XAUUSD_15m_backtest_034,2025-07-21T09:37:59.339455,XAUUSD,15m,backtest,UP,1.1300000000000001,3.99,LowVolume_European_TightRange_15m_Pattern_02,1.1300000000000001
XAUUSD_15m_backtest_035,2025-07-21T09:42:59.339460,XAUUSD,15m,backtest,DOWN,1.1400000000000001,4.090000000000001,VolatileRange_US_FakeoutProne_15m_Pattern_03,1.1400000000000001
XAUUSD_15m_backtest_036,2025-07-21T09:47:59.339464,XAUUSD,15m,backtest,NEUTRAL,1.1500000000000001,4.19,BalancedWicks_Asian_GreedDriven_15m_Pattern_04,1.1500000000000001
XAUUSD_15m_backtest_037,2025-07-21T09:52:59.339468,XAUUSD,15m,backtest,UP,1.1600000000000001,4.29,TightRange_European_FearDriven_15m_Pattern_05,1.1600000000000001
XAUUSD_15m_backtest_038,2025-07-21T09:57:59.339472,XAUUSD,15m,backtest,DOWN,1.17,4.390000000000001,BreakoutPattern_US_MomentumDriven_15m_Pattern_06,1.17
XAUUSD_15m_backtest_039,2025-07-21T10:02:59.339475,XAUUSD,15m,backtest,NEUTRAL,1.1800000000000002,4.490000000000001,ReversalPattern_Asian_ExhaustionSignal_15m_Pattern_07,1.1800000000000002
XAUUSD_15m_backtest_040,2025-07-21T10:07:59.339477,XAUUSD,15m,backtest,UP,1.19,4.590000000000001,ContinuationPattern_European_TrendFollowing_15m_Pattern_08,1.19
XAUUSD_15m_backtest_041,2025-07-21T10:12:59.339480,XAUUSD,15m,backtest,DOWN,1.2000000000000002,4.69,GapFill_US_LiquidityReturn_15m_Pattern_09,1.2000000000000002
XAUUSD_15m_backtest_042,2025-07-21T10:17:59.339488,XAUUSD,15m,backtest,NEUTRAL,1.21,4.790000000000001,FakeBreak_Asian_TrapPattern_15m_Pattern_10,1.21
XAUUSD_15m_backtest_043,2025-07-21T10:22:59.339490,XAUUSD,15m,backtest,UP,1.22,4.890000000000001,VolumeSpike_European_NewsReaction_15m_Pattern_11,1.22
XAUUSD_15m_backtest_044,2025-07-21T10:27:59.339493,XAUUSD,15m,backtest,DOWN,1.23,4.99,RangeExpansion_US_VolatilityBreakout_15m_Pattern_12,1.23
XAUUSD_15m_backtest_045,2025-07-21T10:32:59.339495,XAUUSD,15m,backtest,NEUTRAL,1.24,5.090000000000001,Consolidation_Asian_AccumulationPhase_15m_Pattern_13,1.24
XAUUSD_15m_backtest_046,2025-07-21T10:37:59.339498,XAUUSD,15m,backtest,UP,1.25,5.19,Impulse_European_DirectionalMove_15m_Pattern_14,1.25
XAUUSD_15m_backtest_047,2025-07-21T10:42:59.339501,XAUUSD,15m,backtest,DOWN,1.26,5.290000000000001,Correction_US_RetracementPattern_15m_Pattern_15,1.26
XAUUSD_15m_backtest_048,2025-07-21T10:47:59.339503,XAUUSD,15m,backtest,NEUTRAL,1.27,5.390000000000001,HighVolume_Asian_LiquiditySweep_15m_Pattern_16,1.27
XAUUSD_15m_backtest_049,2025-07-21T10:52:59.339506,XAUUSD,15m,backtest,UP,1.28,5.490000000000001,LowVolume_European_TightRange_15m_Pattern_17,1.28
XAUUSD_15m_backtest_050,2025-07-21T10:57:59.339511,XAUUSD,15m,backtest,DOWN,1.29,5.590000000000001,VolatileRange_US_FakeoutProne_15m_Pattern_18,1.29
XAUUSD_15m_backtest_051,2025-07-21T11:02:59.339516,XAUUSD,15m,backtest,NEUTRAL,1.3,5.69,BalancedWicks_Asian_GreedDriven_15m_Pattern_19,1.3
XAUUSD_15m_backtest_052,2025-07-21T11:07:59.339525,XAUUSD,15m,backtest,UP,1.31,5.790000000000001,TightRange_European_FearDriven_15m_Pattern_20,1.31
XAUUSD_15m_backtest_053,2025-07-21T11:12:59.339528,XAUUSD,15m,backtest,DOWN,1.32,5.890000000000001,BreakoutPattern_US_MomentumDriven_15m_Pattern_21,1.32
XAUUSD_15m_backtest_054,2025-07-21T11:17:59.339531,XAUUSD,15m,backtest,NEUTRAL,1.33,5.990000000000001,ReversalPattern_Asian_ExhaustionSignal_15m_Pattern_22,1.33
XAUUSD_15m_backtest_055,2025-07-21T11:22:59.339534,XAUUSD,15m,backtest,UP,1.34,6.090000000000001,ContinuationPattern_European_TrendFollowing_15m_Pattern_23,1.34
XAUUSD_15m_backtest_056,2025-07-21T11:27:59.339537,XAUUSD,15m,backtest,DOWN,1.35,6.19,GapFill_US_LiquidityReturn_15m_Pattern_24,1.35
XAUUSD_15m_backtest_057,2025-07-21T11:32:59.339539,XAUUSD,15m,backtest,NEUTRAL,1.36,6.290000000000001,FakeBreak_Asian_TrapPattern_15m_Pattern_25,1.36
XAUUSD_15m_backtest_058,2025-07-21T11:37:59.339542,XAUUSD,15m,backtest,UP,1.37,6.390000000000001,VolumeSpike_European_NewsReaction_15m_Pattern_26,1.37
XAUUSD_15m_backtest_059,2025-07-21T11:42:59.339554,XAUUSD,15m,backtest,DOWN,1.38,6.490000000000001,RangeExpansion_US_VolatilityBreakout_15m_Pattern_27,1.38
XAUUSD_15m_backtest_060,2025-07-21T11:47:59.339557,XAUUSD,15m,backtest,NEUTRAL,1.3900000000000001,6.590000000000001,Consolidation_Asian_AccumulationPhase_15m_Pattern_28,1.3900000000000001
XAUUSD_15m_backtest_061,2025-07-21T11:52:59.339563,XAUUSD,15m,backtest,UP,1.4,6.69,Impulse_European_DirectionalMove_15m_Pattern_29,1.4
XAUUSD_15m_backtest_062,2025-07-21T11:57:59.339570,XAUUSD,15m,backtest,DOWN,1.4100000000000001,6.790000000000001,Correction_US_RetracementPattern_15m_Pattern_30,1.4100000000000001
XAUUSD_15m_backtest_063,2025-07-21T12:02:59.339577,XAUUSD,15m,backtest,NEUTRAL,1.42,6.890000000000001,HighVolume_Asian_LiquiditySweep_15m_Pattern_31,1.42
XAUUSD_15m_backtest_064,2025-07-21T12:07:59.339579,XAUUSD,15m,backtest,UP,1.4300000000000002,6.990000000000001,LowVolume_European_TightRange_15m_Pattern_32,1.4300000000000002
XAUUSD_15m_backtest_065,2025-07-21T12:12:59.339582,XAUUSD,15m,backtest,DOWN,1.44,7.090000000000001,HighVolume_Asian_LiquiditySweep_15m_Pattern_01,1.44
XAUUSD_15m_backtest_066,2025-07-21T12:17:59.339585,XAUUSD,15m,backtest,NEUTRAL,1.4500000000000002,7.19,LowVolume_European_TightRange_15m_Pattern_02,1.4500000000000002
XAUUSD_15m_backtest_067,2025-07-21T12:22:59.339589,XAUUSD,15m,backtest,UP,1.46,7.290000000000001,VolatileRange_US_FakeoutProne_15m_Pattern_03,1.46
XAUUSD_15m_backtest_068,2025-07-21T12:27:59.339593,XAUUSD,15m,backtest,DOWN,1.4700000000000002,7.390000000000001,BalancedWicks_Asian_GreedDriven_15m_Pattern_04,1.4700000000000002
XAUUSD_15m_backtest_069,2025-07-21T12:32:59.339596,XAUUSD,15m,backtest,NEUTRAL,1.48,7.490000000000001,TightRange_European_FearDriven_15m_Pattern_05,1.48
XAUUSD_15m_backtest_070,2025-07-21T12:37:59.339602,XAUUSD,15m,backtest,UP,1.4900000000000002,7.590000000000001,BreakoutPattern_US_MomentumDriven_15m_Pattern_06,1.4900000000000002
XAUUSD_15m_backtest_071,2025-07-21T12:42:59.339605,XAUUSD,15m,backtest,DOWN,1.5,7.69,ReversalPattern_Asian_ExhaustionSignal_15m_Pattern_07,1.5
XAUUSD_15m_backtest_072,2025-07-21T12:47:59.339610,XAUUSD,15m,backtest,NEUTRAL,1.51,7.790000000000001,ContinuationPattern_European_TrendFollowing_15m_Pattern_08,1.51
XAUUSD_15m_backtest_073,2025-07-21T12:52:59.339613,XAUUSD,15m,backtest,UP,1.52,7.890000000000001,GapFill_US_LiquidityReturn_15m_Pattern_09,1.52
XAUUSD_15m_backtest_074,2025-07-21T12:57:59.339617,XAUUSD,15m,backtest,DOWN,1.53,7.990000000000001,FakeBreak_Asian_TrapPattern_15m_Pattern_10,1.53
XAUUSD_15m_backtest_075,2025-07-21T13:02:59.339625,XAUUSD,15m,backtest,NEUTRAL,1.54,8.09,VolumeSpike_European_NewsReaction_15m_Pattern_11,1.54
XAUUSD_15m_backtest_076,2025-07-21T13:07:59.339629,XAUUSD,15m,backtest,UP,1.55,8.19,RangeExpansion_US_VolatilityBreakout_15m_Pattern_12,1.55
XAUUSD_15m_backtest_077,2025-07-21T13:12:59.339634,XAUUSD,15m,backtest,DOWN,1.56,8.290000000000001,Consolidation_Asian_AccumulationPhase_15m_Pattern_13,1.56
XAUUSD_15m_backtest_078,2025-07-21T13:17:59.339637,XAUUSD,15m,backtest,NEUTRAL,1.57,8.389999999999999,Impulse_European_DirectionalMove_15m_Pattern_14,1.57
XAUUSD_15m_backtest_079,2025-07-21T13:22:59.339642,XAUUSD,15m,backtest,UP,1.58,8.49,Correction_US_RetracementPattern_15m_Pattern_15,1.58
XAUUSD_15m_backtest_080,2025-07-21T13:27:59.339645,XAUUSD,15m,backtest,DOWN,1.59,8.59,HighVolume_Asian_LiquiditySweep_15m_Pattern_16,1.59
XAUUSD_15m_backtest_081,2025-07-21T13:32:59.339648,XAUUSD,15m,backtest,NEUTRAL,1.6,8.69,LowVolume_European_TightRange_15m_Pattern_17,1.6
XAUUSD_15m_backtest_082,2025-07-21T13:37:59.339652,XAUUSD,15m,backtest,UP,1.61,8.79,VolatileRange_US_FakeoutProne_15m_Pattern_18,1.61
XAUUSD_15m_backtest_083,2025-07-21T13:42:59.339656,XAUUSD,15m,backtest,DOWN,1.62,8.89,BalancedWicks_Asian_GreedDriven_15m_Pattern_19,1.62
XAUUSD_15m_backtest_084,2025-07-21T13:47:59.339660,XAUUSD,15m,backtest,NEUTRAL,1.6300000000000001,8.99,TightRange_European_FearDriven_15m_Pattern_20,1.6300000000000001
XAUUSD_15m_backtest_085,2025-07-21T13:52:59.339663,XAUUSD,15m,backtest,UP,1.6400000000000001,9.09,BreakoutPattern_US_MomentumDriven_15m_Pattern_21,1.6400000000000001
XAUUSD_15m_backtest_086,2025-07-21T13:57:59.339665,XAUUSD,15m,backtest,DOWN,1.65,9.19,ReversalPattern_Asian_ExhaustionSignal_15m_Pattern_22,1.65
XAUUSD_15m_backtest_087,2025-07-21T14:02:59.339668,XAUUSD,15m,backtest,NEUTRAL,1.6600000000000001,9.29,ContinuationPattern_European_TrendFollowing_15m_Pattern_23,1.6600000000000001
XAUUSD_15m_backtest_088,2025-07-21T14:07:59.339683,XAUUSD,15m,backtest,UP,1.67,9.39,GapFill_US_LiquidityReturn_15m_Pattern_24,1.67
XAUUSD_15m_backtest_089,2025-07-21T14:12:59.339686,XAUUSD,15m,backtest,DOWN,1.6800000000000002,9.49,FakeBreak_Asian_TrapPattern_15m_Pattern_25,1.6800000000000002
XAUUSD_15m_backtest_090,2025-07-21T14:17:59.339689,XAUUSD,15m,backtest,NEUTRAL,1.69,9.59,VolumeSpike_European_NewsReaction_15m_Pattern_26,1.69
XAUUSD_15m_backtest_091,2025-07-21T14:22:59.339691,XAUUSD,15m,backtest,UP,1.7000000000000002,9.69,RangeExpansion_US_VolatilityBreakout_15m_Pattern_27,1.7000000000000002
XAUUSD_15m_backtest_092,2025-07-21T14:27:59.339695,XAUUSD,15m,backtest,DOWN,1.71,9.79,Consolidation_Asian_AccumulationPhase_15m_Pattern_28,1.71
XAUUSD_15m_backtest_093,2025-07-21T14:32:59.339698,XAUUSD,15m,backtest,NEUTRAL,1.7200000000000002,9.89,Impulse_European_DirectionalMove_15m_Pattern_29,1.7200000000000002
XAUUSD_15m_backtest_094,2025-07-21T14:37:59.339701,XAUUSD,15m,backtest,UP,1.73,9.99,Correction_US_RetracementPattern_15m_Pattern_30,1.73
XAUUSD_15m_backtest_095,2025-07-21T14:42:59.339704,XAUUSD,15m,backtest,DOWN,1.7400000000000002,10.09,HighVolume_Asian_LiquiditySweep_15m_Pattern_31,1.7400000000000002
XAUUSD_15m_backtest_096,2025-07-21T14:47:59.339706,XAUUSD,15m,backtest,NEUTRAL,1.75,10.19,LowVolume_European_TightRange_15m_Pattern_32,1.75
XAUUSD_15m_backtest_097,2025-07-21T14:52:59.339714,XAUUSD,15m,backtest,UP,1.76,10.290000000000001,HighVolume_Asian_LiquiditySweep_15m_Pattern_01,1.76
XAUUSD_15m_backtest_098,2025-07-21T14:57:59.339717,XAUUSD,15m,backtest,DOWN,1.77,10.39,LowVolume_European_TightRange_15m_Pattern_02,1.77
XAUUSD_15m_backtest_099,2025-07-21T15:02:59.339722,XAUUSD,15m,backtest,NEUTRAL,1.78,10.49,VolatileRange_US_FakeoutProne_15m_Pattern_03,1.78
XAUUSD_15m_backtest_100,2025-07-21T15:07:59.339725,XAUUSD,15m,backtest,UP,1.79,10.59,BalancedWicks_Asian_GreedDriven_15m_Pattern_04,1.79
XAUUSD_1h_backtest_001,2025-07-21T06:52:59.339757,XAUUSD,1h,backtest,UP,0.76,0.77,HighVolume_Asian_LiquiditySweep_1h_Pattern_01,0.76
XAUUSD_1h_backtest_002,2025-07-21T06:57:59.339764,XAUUSD,1h,backtest,DOWN,0.77,0.87,LowVolume_European_TightRange_1h_Pattern_02,0.77
XAUUSD_1h_backtest_003,2025-07-21T07:02:59.339767,XAUUSD,1h,backtest,NEUTRAL,0.78,0.97,VolatileRange_US_FakeoutProne_1h_Pattern_03,0.78
XAUUSD_1h_backtest_004,2025-07-21T07:07:59.339770,XAUUSD,1h,backtest,UP,0.79,1.07,BalancedWicks_Asian_GreedDriven_1h_Pattern_04,0.79
XAUUSD_1h_backtest_005,2025-07-21T07:12:59.339773,XAUUSD,1h,backtest,DOWN,0.8,1.17,TightRange_European_FearDriven_1h_Pattern_05,0.8
XAUUSD_1h_backtest_006,2025-07-21T07:17:59.339782,XAUUSD,1h,backtest,NEUTRAL,0.81,1.27,BreakoutPattern_US_MomentumDriven_1h_Pattern_06,0.81
XAUUSD_1h_backtest_007,2025-07-21T07:22:59.339786,XAUUSD,1h,backtest,UP,0.8200000000000001,1.37,ReversalPattern_Asian_ExhaustionSignal_1h_Pattern_07,0.8200000000000001
XAUUSD_1h_backtest_008,2025-07-21T07:27:59.339788,XAUUSD,1h,backtest,DOWN,0.8300000000000001,1.4700000000000002,ContinuationPattern_European_TrendFollowing_1h_Pattern_08,0.8300000000000001
XAUUSD_1h_backtest_009,2025-07-21T07:32:59.339791,XAUUSD,1h,backtest,NEUTRAL,0.8399999999999999,1.57,GapFill_US_LiquidityReturn_1h_Pattern_09,0.8399999999999999
XAUUSD_1h_backtest_010,2025-07-21T07:37:59.339793,XAUUSD,1h,backtest,UP,0.8499999999999999,1.67,FakeBreak_Asian_TrapPattern_1h_Pattern_10,0.8499999999999999
XAUUSD_1h_backtest_011,2025-07-21T07:42:59.339796,XAUUSD,1h,backtest,DOWN,0.8599999999999999,1.77,VolumeSpike_European_NewsReaction_1h_Pattern_11,0.8599999999999999
XAUUSD_1h_backtest_012,2025-07-21T07:47:59.339802,XAUUSD,1h,backtest,NEUTRAL,0.8699999999999999,1.87,RangeExpansion_US_VolatilityBreakout_1h_Pattern_12,0.8699999999999999
XAUUSD_1h_backtest_013,2025-07-21T07:52:59.339808,XAUUSD,1h,backtest,UP,0.8799999999999999,1.9700000000000002,Consolidation_Asian_AccumulationPhase_1h_Pattern_13,0.8799999999999999
XAUUSD_1h_backtest_014,2025-07-21T07:57:59.339812,XAUUSD,1h,backtest,DOWN,0.8899999999999999,2.0700000000000003,Impulse_European_DirectionalMove_1h_Pattern_14,0.8899999999999999
XAUUSD_1h_backtest_015,2025-07-21T08:02:59.339818,XAUUSD,1h,backtest,NEUTRAL,0.8999999999999999,2.17,Correction_US_RetracementPattern_1h_Pattern_15,0.8999999999999999
XAUUSD_1h_backtest_016,2025-07-21T08:07:59.339821,XAUUSD,1h,backtest,UP,0.9099999999999999,2.27,HighVolume_Asian_LiquiditySweep_1h_Pattern_16,0.9099999999999999
XAUUSD_1h_backtest_017,2025-07-21T08:12:59.339823,XAUUSD,1h,backtest,DOWN,0.9199999999999999,2.37,LowVolume_European_TightRange_1h_Pattern_17,0.9199999999999999
XAUUSD_1h_backtest_018,2025-07-21T08:17:59.339826,XAUUSD,1h,backtest,NEUTRAL,0.9299999999999999,2.47,VolatileRange_US_FakeoutProne_1h_Pattern_18,0.9299999999999999
XAUUSD_1h_backtest_019,2025-07-21T08:22:59.339828,XAUUSD,1h,backtest,UP,0.94,2.57,BalancedWicks_Asian_GreedDriven_1h_Pattern_19,0.94
XAUUSD_1h_backtest_020,2025-07-21T08:27:59.339832,XAUUSD,1h,backtest,DOWN,0.95,2.6700000000000004,TightRange_European_FearDriven_1h_Pattern_20,0.95
XAUUSD_1h_backtest_021,2025-07-21T08:32:59.339834,XAUUSD,1h,backtest,NEUTRAL,0.96,2.77,BreakoutPattern_US_MomentumDriven_1h_Pattern_21,0.96
XAUUSD_1h_backtest_022,2025-07-21T08:37:59.339839,XAUUSD,1h,backtest,UP,0.97,2.87,ReversalPattern_Asian_ExhaustionSignal_1h_Pattern_22,0.97
XAUUSD_1h_backtest_023,2025-07-21T08:42:59.339842,XAUUSD,1h,backtest,DOWN,0.98,2.97,ContinuationPattern_European_TrendFollowing_1h_Pattern_23,0.98
XAUUSD_1h_backtest_024,2025-07-21T08:47:59.339846,XAUUSD,1h,backtest,NEUTRAL,0.99,3.0700000000000003,GapFill_US_LiquidityReturn_1h_Pattern_24,0.99
XAUUSD_1h_backtest_025,2025-07-21T08:52:59.339849,XAUUSD,1h,backtest,UP,1.0,3.1700000000000004,FakeBreak_Asian_TrapPattern_1h_Pattern_25,1.0
XAUUSD_1h_backtest_026,2025-07-21T08:57:59.339853,XAUUSD,1h,backtest,DOWN,1.01,3.27,VolumeSpike_European_NewsReaction_1h_Pattern_26,1.01
XAUUSD_1h_backtest_027,2025-07-21T09:02:59.339856,XAUUSD,1h,backtest,NEUTRAL,1.02,3.37,RangeExpansion_US_VolatilityBreakout_1h_Pattern_27,1.02
XAUUSD_1h_backtest_028,2025-07-21T09:07:59.339859,XAUUSD,1h,backtest,UP,1.03,3.47,Consolidation_Asian_AccumulationPhase_1h_Pattern_28,1.03
XAUUSD_1h_backtest_029,2025-07-21T09:12:59.339862,XAUUSD,1h,backtest,DOWN,1.04,3.5700000000000003,HighVolume_Asian_LiquiditySweep_1h_Pattern_01,1.04
XAUUSD_1h_backtest_030,2025-07-21T09:17:59.339864,XAUUSD,1h,backtest,NEUTRAL,1.05,3.6700000000000004,LowVolume_European_TightRange_1h_Pattern_02,1.05
XAUUSD_1h_backtest_031,2025-07-21T09:22:59.339869,XAUUSD,1h,backtest,UP,1.06,3.77,VolatileRange_US_FakeoutProne_1h_Pattern_03,1.06
XAUUSD_1h_backtest_032,2025-07-21T09:27:59.339873,XAUUSD,1h,backtest,DOWN,1.07,3.87,BalancedWicks_Asian_GreedDriven_1h_Pattern_04,1.07
XAUUSD_1h_backtest_033,2025-07-21T09:32:59.339878,XAUUSD,1h,backtest,NEUTRAL,1.08,3.97,TightRange_European_FearDriven_1h_Pattern_05,1.08
XAUUSD_1h_backtest_034,2025-07-21T09:37:59.339880,XAUUSD,1h,backtest,UP,1.09,4.07,BreakoutPattern_US_MomentumDriven_1h_Pattern_06,1.09
XAUUSD_1h_backtest_035,2025-07-21T09:42:59.339885,XAUUSD,1h,backtest,DOWN,1.1,4.17,ReversalPattern_Asian_ExhaustionSignal_1h_Pattern_07,1.1
XAUUSD_1h_backtest_036,2025-07-21T09:47:59.339887,XAUUSD,1h,backtest,NEUTRAL,1.11,4.27,ContinuationPattern_European_TrendFollowing_1h_Pattern_08,1.11
XAUUSD_1h_backtest_037,2025-07-21T09:52:59.339890,XAUUSD,1h,backtest,UP,1.12,4.369999999999999,GapFill_US_LiquidityReturn_1h_Pattern_09,1.12
XAUUSD_1h_backtest_038,2025-07-21T09:57:59.339892,XAUUSD,1h,backtest,DOWN,1.13,4.470000000000001,FakeBreak_Asian_TrapPattern_1h_Pattern_10,1.13
XAUUSD_1h_backtest_039,2025-07-21T10:02:59.339897,XAUUSD,1h,backtest,NEUTRAL,1.1400000000000001,4.57,VolumeSpike_European_NewsReaction_1h_Pattern_11,1.1400000000000001
XAUUSD_1h_backtest_040,2025-07-21T10:07:59.339899,XAUUSD,1h,backtest,UP,1.15,4.67,RangeExpansion_US_VolatilityBreakout_1h_Pattern_12,1.15
XAUUSD_1h_backtest_041,2025-07-21T10:12:59.339902,XAUUSD,1h,backtest,DOWN,1.1600000000000001,4.77,Consolidation_Asian_AccumulationPhase_1h_Pattern_13,1.1600000000000001
XAUUSD_1h_backtest_042,2025-07-21T10:17:59.339909,XAUUSD,1h,backtest,NEUTRAL,1.17,4.870000000000001,Impulse_European_DirectionalMove_1h_Pattern_14,1.17
XAUUSD_1h_backtest_043,2025-07-21T10:22:59.339912,XAUUSD,1h,backtest,UP,1.18,4.970000000000001,Correction_US_RetracementPattern_1h_Pattern_15,1.18
XAUUSD_1h_backtest_044,2025-07-21T10:27:59.339915,XAUUSD,1h,backtest,DOWN,1.19,5.07,HighVolume_Asian_LiquiditySweep_1h_Pattern_16,1.19
XAUUSD_1h_backtest_045,2025-07-21T10:32:59.339917,XAUUSD,1h,backtest,NEUTRAL,1.2,5.17,LowVolume_European_TightRange_1h_Pattern_17,1.2
XAUUSD_1h_backtest_046,2025-07-21T10:37:59.339920,XAUUSD,1h,backtest,UP,1.21,5.27,VolatileRange_US_FakeoutProne_1h_Pattern_18,1.21
XAUUSD_1h_backtest_047,2025-07-21T10:42:59.339924,XAUUSD,1h,backtest,DOWN,1.22,5.370000000000001,BalancedWicks_Asian_GreedDriven_1h_Pattern_19,1.22
XAUUSD_1h_backtest_048,2025-07-21T10:47:59.339927,XAUUSD,1h,backtest,NEUTRAL,1.23,5.470000000000001,TightRange_European_FearDriven_1h_Pattern_20,1.23
XAUUSD_1h_backtest_049,2025-07-21T10:52:59.339930,XAUUSD,1h,backtest,UP,1.24,5.57,BreakoutPattern_US_MomentumDriven_1h_Pattern_21,1.24
XAUUSD_1h_backtest_050,2025-07-21T10:57:59.339932,XAUUSD,1h,backtest,DOWN,1.25,5.67,ReversalPattern_Asian_ExhaustionSignal_1h_Pattern_22,1.25
XAUUSD_1h_backtest_051,2025-07-21T11:02:59.339937,XAUUSD,1h,backtest,NEUTRAL,1.26,5.77,ContinuationPattern_European_TrendFollowing_1h_Pattern_23,1.26
XAUUSD_1h_backtest_052,2025-07-21T11:07:59.339943,XAUUSD,1h,backtest,UP,1.27,5.870000000000001,GapFill_US_LiquidityReturn_1h_Pattern_24,1.27
XAUUSD_1h_backtest_053,2025-07-21T11:12:59.339945,XAUUSD,1h,backtest,DOWN,1.28,5.970000000000001,FakeBreak_Asian_TrapPattern_1h_Pattern_25,1.28
XAUUSD_1h_backtest_054,2025-07-21T11:17:59.339950,XAUUSD,1h,backtest,NEUTRAL,1.29,6.07,VolumeSpike_European_NewsReaction_1h_Pattern_26,1.29
XAUUSD_1h_backtest_055,2025-07-21T11:22:59.339953,XAUUSD,1h,backtest,UP,1.3,6.17,RangeExpansion_US_VolatilityBreakout_1h_Pattern_27,1.3
XAUUSD_1h_backtest_056,2025-07-21T11:27:59.339955,XAUUSD,1h,backtest,DOWN,1.31,6.27,Consolidation_Asian_AccumulationPhase_1h_Pattern_28,1.31
XAUUSD_1h_backtest_057,2025-07-21T11:32:59.339958,XAUUSD,1h,backtest,NEUTRAL,1.32,6.370000000000001,HighVolume_Asian_LiquiditySweep_1h_Pattern_01,1.32
XAUUSD_1h_backtest_058,2025-07-21T11:37:59.339961,XAUUSD,1h,backtest,UP,1.33,6.470000000000001,LowVolume_European_TightRange_1h_Pattern_02,1.33
XAUUSD_1h_backtest_059,2025-07-21T11:42:59.339963,XAUUSD,1h,backtest,DOWN,1.3399999999999999,6.57,VolatileRange_US_FakeoutProne_1h_Pattern_03,1.3399999999999999
XAUUSD_1h_backtest_060,2025-07-21T11:47:59.339966,XAUUSD,1h,backtest,NEUTRAL,1.35,6.67,BalancedWicks_Asian_GreedDriven_1h_Pattern_04,1.35
XAUUSD_1h_backtest_061,2025-07-21T11:52:59.339969,XAUUSD,1h,backtest,UP,1.3599999999999999,6.77,TightRange_European_FearDriven_1h_Pattern_05,1.3599999999999999
XAUUSD_1h_backtest_062,2025-07-21T11:57:59.339976,XAUUSD,1h,backtest,DOWN,1.37,6.870000000000001,BreakoutPattern_US_MomentumDriven_1h_Pattern_06,1.37
XAUUSD_1h_backtest_063,2025-07-21T12:02:59.339979,XAUUSD,1h,backtest,NEUTRAL,1.38,6.970000000000001,ReversalPattern_Asian_ExhaustionSignal_1h_Pattern_07,1.38
XAUUSD_1h_backtest_064,2025-07-21T12:07:59.339984,XAUUSD,1h,backtest,UP,1.3900000000000001,7.07,ContinuationPattern_European_TrendFollowing_1h_Pattern_08,1.3900000000000001
XAUUSD_1h_backtest_065,2025-07-21T12:12:59.339988,XAUUSD,1h,backtest,DOWN,1.4,7.17,GapFill_US_LiquidityReturn_1h_Pattern_09,1.4
XAUUSD_1h_backtest_066,2025-07-21T12:17:59.339992,XAUUSD,1h,backtest,NEUTRAL,1.4100000000000001,7.27,FakeBreak_Asian_TrapPattern_1h_Pattern_10,1.4100000000000001
XAUUSD_1h_backtest_067,2025-07-21T12:22:59.339994,XAUUSD,1h,backtest,UP,1.42,7.370000000000001,VolumeSpike_European_NewsReaction_1h_Pattern_11,1.42
XAUUSD_1h_backtest_068,2025-07-21T12:27:59.339997,XAUUSD,1h,backtest,DOWN,1.4300000000000002,7.470000000000001,RangeExpansion_US_VolatilityBreakout_1h_Pattern_12,1.4300000000000002
XAUUSD_1h_backtest_069,2025-07-21T12:32:59.339999,XAUUSD,1h,backtest,NEUTRAL,1.44,7.57,Consolidation_Asian_AccumulationPhase_1h_Pattern_13,1.44
XAUUSD_1h_backtest_070,2025-07-21T12:37:59.340004,XAUUSD,1h,backtest,UP,1.4500000000000002,7.67,Impulse_European_DirectionalMove_1h_Pattern_14,1.4500000000000002
XAUUSD_1h_backtest_071,2025-07-21T12:42:59.340006,XAUUSD,1h,backtest,DOWN,1.46,7.77,Correction_US_RetracementPattern_1h_Pattern_15,1.46
XAUUSD_1h_backtest_072,2025-07-21T12:47:59.340011,XAUUSD,1h,backtest,NEUTRAL,1.47,7.870000000000001,HighVolume_Asian_LiquiditySweep_1h_Pattern_16,1.47
XAUUSD_1h_backtest_073,2025-07-21T12:52:59.340013,XAUUSD,1h,backtest,UP,1.48,7.970000000000001,LowVolume_European_TightRange_1h_Pattern_17,1.48
XAUUSD_1h_backtest_074,2025-07-21T12:57:59.340018,XAUUSD,1h,backtest,DOWN,1.49,8.07,VolatileRange_US_FakeoutProne_1h_Pattern_18,1.49
XAUUSD_1h_backtest_075,2025-07-21T13:02:59.340020,XAUUSD,1h,backtest,NEUTRAL,1.5,8.17,BalancedWicks_Asian_GreedDriven_1h_Pattern_19,1.5
XAUUSD_1h_backtest_076,2025-07-21T13:07:59.340023,XAUUSD,1h,backtest,UP,1.51,8.27,TightRange_European_FearDriven_1h_Pattern_20,1.51
XAUUSD_1h_backtest_077,2025-07-21T13:12:59.340027,XAUUSD,1h,backtest,DOWN,1.52,8.370000000000001,BreakoutPattern_US_MomentumDriven_1h_Pattern_21,1.52
XAUUSD_1h_backtest_078,2025-07-21T13:17:59.340032,XAUUSD,1h,backtest,NEUTRAL,1.53,8.469999999999999,ReversalPattern_Asian_ExhaustionSignal_1h_Pattern_22,1.53
XAUUSD_1h_backtest_079,2025-07-21T13:22:59.340036,XAUUSD,1h,backtest,UP,1.54,8.57,ContinuationPattern_European_TrendFollowing_1h_Pattern_23,1.54
XAUUSD_1h_backtest_080,2025-07-21T13:27:59.340038,XAUUSD,1h,backtest,DOWN,1.55,8.67,GapFill_US_LiquidityReturn_1h_Pattern_24,1.55
XAUUSD_1h_backtest_081,2025-07-21T13:32:59.340041,XAUUSD,1h,backtest,NEUTRAL,1.56,8.77,FakeBreak_Asian_TrapPattern_1h_Pattern_25,1.56
XAUUSD_1h_backtest_082,2025-07-21T13:37:59.340045,XAUUSD,1h,backtest,UP,1.57,8.87,VolumeSpike_European_NewsReaction_1h_Pattern_26,1.57
XAUUSD_1h_backtest_083,2025-07-21T13:42:59.340048,XAUUSD,1h,backtest,DOWN,1.58,8.97,RangeExpansion_US_VolatilityBreakout_1h_Pattern_27,1.58
XAUUSD_1h_backtest_084,2025-07-21T13:47:59.340051,XAUUSD,1h,backtest,NEUTRAL,1.59,9.07,Consolidation_Asian_AccumulationPhase_1h_Pattern_28,1.59
XAUUSD_1h_backtest_085,2025-07-21T13:52:59.340053,XAUUSD,1h,backtest,UP,1.6,9.17,HighVolume_Asian_LiquiditySweep_1h_Pattern_01,1.6
XAUUSD_1h_backtest_086,2025-07-21T13:57:59.340056,XAUUSD,1h,backtest,DOWN,1.6099999999999999,9.27,LowVolume_European_TightRange_1h_Pattern_02,1.6099999999999999
XAUUSD_1h_backtest_087,2025-07-21T14:02:59.340058,XAUUSD,1h,backtest,NEUTRAL,1.62,9.37,VolatileRange_US_FakeoutProne_1h_Pattern_03,1.62
XAUUSD_1h_backtest_088,2025-07-21T14:07:59.340063,XAUUSD,1h,backtest,UP,1.63,9.47,BalancedWicks_Asian_GreedDriven_1h_Pattern_04,1.63
XAUUSD_1h_backtest_089,2025-07-21T14:12:59.340066,XAUUSD,1h,backtest,DOWN,1.6400000000000001,9.57,TightRange_European_FearDriven_1h_Pattern_05,1.6400000000000001
XAUUSD_1h_backtest_090,2025-07-21T14:17:59.340070,XAUUSD,1h,backtest,NEUTRAL,1.65,9.67,BreakoutPattern_US_MomentumDriven_1h_Pattern_06,1.65
XAUUSD_1h_backtest_091,2025-07-21T14:22:59.340073,XAUUSD,1h,backtest,UP,1.6600000000000001,9.77,ReversalPattern_Asian_ExhaustionSignal_1h_Pattern_07,1.6600000000000001
XAUUSD_1h_backtest_092,2025-07-21T14:27:59.340077,XAUUSD,1h,backtest,DOWN,1.67,9.87,ContinuationPattern_European_TrendFollowing_1h_Pattern_08,1.67
XAUUSD_1h_backtest_093,2025-07-21T14:32:59.340081,XAUUSD,1h,backtest,NEUTRAL,1.6800000000000002,9.97,GapFill_US_LiquidityReturn_1h_Pattern_09,1.6800000000000002
XAUUSD_1h_backtest_094,2025-07-21T14:37:59.340086,XAUUSD,1h,backtest,UP,1.69,10.07,FakeBreak_Asian_TrapPattern_1h_Pattern_10,1.69
XAUUSD_1h_backtest_095,2025-07-21T14:42:59.340088,XAUUSD,1h,backtest,DOWN,1.7000000000000002,10.17,VolumeSpike_European_NewsReaction_1h_Pattern_11,1.7000000000000002
XAUUSD_1h_backtest_096,2025-07-21T14:47:59.340091,XAUUSD,1h,backtest,NEUTRAL,1.71,10.27,RangeExpansion_US_VolatilityBreakout_1h_Pattern_12,1.71
XAUUSD_1h_backtest_097,2025-07-21T14:52:59.340096,XAUUSD,1h,backtest,UP,1.72,10.370000000000001,Consolidation_Asian_AccumulationPhase_1h_Pattern_13,1.72
XAUUSD_1h_backtest_098,2025-07-21T14:57:59.340098,XAUUSD,1h,backtest,DOWN,1.73,10.47,Impulse_European_DirectionalMove_1h_Pattern_14,1.73
XAUUSD_1h_backtest_099,2025-07-21T15:02:59.340101,XAUUSD,1h,backtest,NEUTRAL,1.74,10.57,Correction_US_RetracementPattern_1h_Pattern_15,1.74
XAUUSD_1h_backtest_100,2025-07-21T15:07:59.340104,XAUUSD,1h,backtest,UP,1.75,10.67,HighVolume_Asian_LiquiditySweep_1h_Pattern_16,1.75
XAUUSD_4h_backtest_001,2025-07-21T06:52:59.340125,XAUUSD,4h,backtest,UP,0.7999999999999999,0.51,HighVolume_Asian_LiquiditySweep_4h_Pattern_01,0.7999999999999999
XAUUSD_4h_backtest_002,2025-07-21T06:57:59.340131,XAUUSD,4h,backtest,DOWN,0.8099999999999999,0.61,LowVolume_European_TightRange_4h_Pattern_02,0.8099999999999999
XAUUSD_4h_backtest_003,2025-07-21T07:02:59.340134,XAUUSD,4h,backtest,NEUTRAL,0.82,0.71,VolatileRange_US_FakeoutProne_4h_Pattern_03,0.82
XAUUSD_4h_backtest_004,2025-07-21T07:07:59.340136,XAUUSD,4h,backtest,UP,0.83,0.81,BalancedWicks_Asian_GreedDriven_4h_Pattern_04,0.83
XAUUSD_4h_backtest_005,2025-07-21T07:12:59.340139,XAUUSD,4h,backtest,DOWN,0.84,0.91,TightRange_European_FearDriven_4h_Pattern_05,0.84
XAUUSD_4h_backtest_006,2025-07-21T07:17:59.340144,XAUUSD,4h,backtest,NEUTRAL,0.85,1.01,BreakoutPattern_US_MomentumDriven_4h_Pattern_06,0.85
XAUUSD_4h_backtest_007,2025-07-21T07:22:59.340147,XAUUSD,4h,backtest,UP,0.86,1.11,ReversalPattern_Asian_ExhaustionSignal_4h_Pattern_07,0.86
XAUUSD_4h_backtest_008,2025-07-21T07:27:59.340150,XAUUSD,4h,backtest,DOWN,0.87,1.2100000000000002,ContinuationPattern_European_TrendFollowing_4h_Pattern_08,0.87
XAUUSD_4h_backtest_009,2025-07-21T07:32:59.340152,XAUUSD,4h,backtest,NEUTRAL,0.8799999999999999,1.31,GapFill_US_LiquidityReturn_4h_Pattern_09,0.8799999999999999
XAUUSD_4h_backtest_010,2025-07-21T07:37:59.340156,XAUUSD,4h,backtest,UP,0.8899999999999999,1.41,FakeBreak_Asian_TrapPattern_4h_Pattern_10,0.8899999999999999
XAUUSD_4h_backtest_011,2025-07-21T07:42:59.340159,XAUUSD,4h,backtest,DOWN,0.8999999999999999,1.51,VolumeSpike_European_NewsReaction_4h_Pattern_11,0.8999999999999999
XAUUSD_4h_backtest_012,2025-07-21T07:47:59.340165,XAUUSD,4h,backtest,NEUTRAL,0.9099999999999999,1.61,RangeExpansion_US_VolatilityBreakout_4h_Pattern_12,0.9099999999999999
XAUUSD_4h_backtest_013,2025-07-21T07:52:59.340168,XAUUSD,4h,backtest,UP,0.9199999999999999,1.7100000000000002,Consolidation_Asian_AccumulationPhase_4h_Pattern_13,0.9199999999999999
XAUUSD_4h_backtest_014,2025-07-21T07:57:59.340172,XAUUSD,4h,backtest,DOWN,0.9299999999999999,1.81,Impulse_European_DirectionalMove_4h_Pattern_14,0.9299999999999999
XAUUSD_4h_backtest_015,2025-07-21T08:02:59.340178,XAUUSD,4h,backtest,NEUTRAL,0.94,1.9100000000000001,Correction_US_RetracementPattern_4h_Pattern_15,0.94
XAUUSD_4h_backtest_016,2025-07-21T08:07:59.340180,XAUUSD,4h,backtest,UP,0.95,2.01,HighVolume_Asian_LiquiditySweep_4h_Pattern_16,0.95
XAUUSD_4h_backtest_017,2025-07-21T08:12:59.340183,XAUUSD,4h,backtest,DOWN,0.96,2.11,LowVolume_European_TightRange_4h_Pattern_17,0.96
XAUUSD_4h_backtest_018,2025-07-21T08:17:59.340185,XAUUSD,4h,backtest,NEUTRAL,0.97,2.21,VolatileRange_US_FakeoutProne_4h_Pattern_18,0.97
XAUUSD_4h_backtest_019,2025-07-21T08:22:59.340188,XAUUSD,4h,backtest,UP,0.9799999999999999,2.3099999999999996,BalancedWicks_Asian_GreedDriven_4h_Pattern_19,0.9799999999999999
XAUUSD_4h_backtest_020,2025-07-21T08:27:59.340191,XAUUSD,4h,backtest,DOWN,0.9899999999999999,2.41,TightRange_European_FearDriven_4h_Pattern_20,0.9899999999999999
XAUUSD_4h_backtest_021,2025-07-21T08:32:59.340194,XAUUSD,4h,backtest,NEUTRAL,0.9999999999999999,2.51,BreakoutPattern_US_MomentumDriven_4h_Pattern_21,0.9999999999999999
XAUUSD_4h_backtest_022,2025-07-21T08:37:59.340198,XAUUSD,4h,backtest,UP,1.01,2.61,ReversalPattern_Asian_ExhaustionSignal_4h_Pattern_22,1.01
XAUUSD_4h_backtest_023,2025-07-21T08:42:59.340201,XAUUSD,4h,backtest,DOWN,1.02,2.71,HighVolume_Asian_LiquiditySweep_4h_Pattern_01,1.02
XAUUSD_4h_backtest_024,2025-07-21T08:47:59.340208,XAUUSD,4h,backtest,NEUTRAL,1.03,2.81,LowVolume_European_TightRange_4h_Pattern_02,1.03
XAUUSD_4h_backtest_025,2025-07-21T08:52:59.340212,XAUUSD,4h,backtest,UP,1.04,2.91,VolatileRange_US_FakeoutProne_4h_Pattern_03,1.04
XAUUSD_4h_backtest_026,2025-07-21T08:57:59.340216,XAUUSD,4h,backtest,DOWN,1.05,3.01,BalancedWicks_Asian_GreedDriven_4h_Pattern_04,1.05
XAUUSD_4h_backtest_027,2025-07-21T09:02:59.340221,XAUUSD,4h,backtest,NEUTRAL,1.06,3.11,TightRange_European_FearDriven_4h_Pattern_05,1.06
XAUUSD_4h_backtest_028,2025-07-21T09:07:59.340223,XAUUSD,4h,backtest,UP,1.07,3.21,BreakoutPattern_US_MomentumDriven_4h_Pattern_06,1.07
XAUUSD_4h_backtest_029,2025-07-21T09:12:59.340226,XAUUSD,4h,backtest,DOWN,1.08,3.31,ReversalPattern_Asian_ExhaustionSignal_4h_Pattern_07,1.08
XAUUSD_4h_backtest_030,2025-07-21T09:17:59.340229,XAUUSD,4h,backtest,NEUTRAL,1.09,3.41,ContinuationPattern_European_TrendFollowing_4h_Pattern_08,1.09
XAUUSD_4h_backtest_031,2025-07-21T09:22:59.340233,XAUUSD,4h,backtest,UP,1.1,3.51,GapFill_US_LiquidityReturn_4h_Pattern_09,1.1
XAUUSD_4h_backtest_032,2025-07-21T09:27:59.340239,XAUUSD,4h,backtest,DOWN,1.11,3.61,FakeBreak_Asian_TrapPattern_4h_Pattern_10,1.11
XAUUSD_4h_backtest_033,2025-07-21T09:32:59.340242,XAUUSD,4h,backtest,NEUTRAL,1.12,3.71,VolumeSpike_European_NewsReaction_4h_Pattern_11,1.12
XAUUSD_4h_backtest_034,2025-07-21T09:37:59.340246,XAUUSD,4h,backtest,UP,1.1300000000000001,3.81,RangeExpansion_US_VolatilityBreakout_4h_Pattern_12,1.1300000000000001
XAUUSD_4h_backtest_035,2025-07-21T09:42:59.340249,XAUUSD,4h,backtest,DOWN,1.1400000000000001,3.91,Consolidation_Asian_AccumulationPhase_4h_Pattern_13,1.1400000000000001
XAUUSD_4h_backtest_036,2025-07-21T09:47:59.340251,XAUUSD,4h,backtest,NEUTRAL,1.1500000000000001,4.01,Impulse_European_DirectionalMove_4h_Pattern_14,1.1500000000000001
XAUUSD_4h_backtest_037,2025-07-21T09:52:59.340254,XAUUSD,4h,backtest,UP,1.1600000000000001,4.109999999999999,Correction_US_RetracementPattern_4h_Pattern_15,1.1600000000000001
XAUUSD_4h_backtest_038,2025-07-21T09:57:59.340257,XAUUSD,4h,backtest,DOWN,1.17,4.21,HighVolume_Asian_LiquiditySweep_4h_Pattern_16,1.17
XAUUSD_4h_backtest_039,2025-07-21T10:02:59.340259,XAUUSD,4h,backtest,NEUTRAL,1.1800000000000002,4.3100000000000005,LowVolume_European_TightRange_4h_Pattern_17,1.1800000000000002
XAUUSD_4h_backtest_040,2025-07-21T10:07:59.340264,XAUUSD,4h,backtest,UP,1.19,4.41,VolatileRange_US_FakeoutProne_4h_Pattern_18,1.19
XAUUSD_4h_backtest_041,2025-07-21T10:12:59.340266,XAUUSD,4h,backtest,DOWN,1.2000000000000002,4.51,BalancedWicks_Asian_GreedDriven_4h_Pattern_19,1.2000000000000002
XAUUSD_4h_backtest_042,2025-07-21T10:17:59.340279,XAUUSD,4h,backtest,NEUTRAL,1.21,4.61,TightRange_European_FearDriven_4h_Pattern_20,1.21
XAUUSD_4h_backtest_043,2025-07-21T10:22:59.340288,XAUUSD,4h,backtest,UP,1.22,4.71,BreakoutPattern_US_MomentumDriven_4h_Pattern_21,1.22
XAUUSD_4h_backtest_044,2025-07-21T10:27:59.340291,XAUUSD,4h,backtest,DOWN,1.23,4.81,ReversalPattern_Asian_ExhaustionSignal_4h_Pattern_22,1.23
XAUUSD_4h_backtest_045,2025-07-21T10:32:59.340293,XAUUSD,4h,backtest,NEUTRAL,1.24,4.91,HighVolume_Asian_LiquiditySweep_4h_Pattern_01,1.24
XAUUSD_4h_backtest_046,2025-07-21T10:37:59.340296,XAUUSD,4h,backtest,UP,1.25,5.01,LowVolume_European_TightRange_4h_Pattern_02,1.25
XAUUSD_4h_backtest_047,2025-07-21T10:42:59.340298,XAUUSD,4h,backtest,DOWN,1.26,5.11,VolatileRange_US_FakeoutProne_4h_Pattern_03,1.26
XAUUSD_4h_backtest_048,2025-07-21T10:47:59.340301,XAUUSD,4h,backtest,NEUTRAL,1.27,5.21,BalancedWicks_Asian_GreedDriven_4h_Pattern_04,1.27
XAUUSD_4h_backtest_049,2025-07-21T10:52:59.340303,XAUUSD,4h,backtest,UP,1.28,5.3100000000000005,TightRange_European_FearDriven_4h_Pattern_05,1.28
XAUUSD_4h_backtest_050,2025-07-21T10:57:59.340306,XAUUSD,4h,backtest,DOWN,1.29,5.41,BreakoutPattern_US_MomentumDriven_4h_Pattern_06,1.29
XAUUSD_4h_backtest_051,2025-07-21T11:02:59.340314,XAUUSD,4h,backtest,NEUTRAL,1.3,5.51,ReversalPattern_Asian_ExhaustionSignal_4h_Pattern_07,1.3
XAUUSD_4h_backtest_052,2025-07-21T11:07:59.340320,XAUUSD,4h,backtest,UP,1.31,5.61,ContinuationPattern_European_TrendFollowing_4h_Pattern_08,1.31
XAUUSD_4h_backtest_053,2025-07-21T11:12:59.340324,XAUUSD,4h,backtest,DOWN,1.32,5.71,GapFill_US_LiquidityReturn_4h_Pattern_09,1.32
XAUUSD_4h_backtest_054,2025-07-21T11:17:59.340327,XAUUSD,4h,backtest,NEUTRAL,1.33,5.8100000000000005,FakeBreak_Asian_TrapPattern_4h_Pattern_10,1.33
XAUUSD_4h_backtest_055,2025-07-21T11:22:59.340330,XAUUSD,4h,backtest,UP,1.34,5.91,VolumeSpike_European_NewsReaction_4h_Pattern_11,1.34
XAUUSD_4h_backtest_056,2025-07-21T11:27:59.340333,XAUUSD,4h,backtest,DOWN,1.35,6.01,RangeExpansion_US_VolatilityBreakout_4h_Pattern_12,1.35
XAUUSD_4h_backtest_057,2025-07-21T11:32:59.340335,XAUUSD,4h,backtest,NEUTRAL,1.36,6.11,Consolidation_Asian_AccumulationPhase_4h_Pattern_13,1.36
XAUUSD_4h_backtest_058,2025-07-21T11:37:59.340343,XAUUSD,4h,backtest,UP,1.37,6.21,Impulse_European_DirectionalMove_4h_Pattern_14,1.37
XAUUSD_4h_backtest_059,2025-07-21T11:42:59.340346,XAUUSD,4h,backtest,DOWN,1.38,6.3100000000000005,Correction_US_RetracementPattern_4h_Pattern_15,1.38
XAUUSD_4h_backtest_060,2025-07-21T11:47:59.340348,XAUUSD,4h,backtest,NEUTRAL,1.3900000000000001,6.41,HighVolume_Asian_LiquiditySweep_4h_Pattern_16,1.3900000000000001
XAUUSD_4h_backtest_061,2025-07-21T11:52:59.340357,XAUUSD,4h,backtest,UP,1.4,6.51,LowVolume_European_TightRange_4h_Pattern_17,1.4
XAUUSD_4h_backtest_062,2025-07-21T11:57:59.340361,XAUUSD,4h,backtest,DOWN,1.4100000000000001,6.61,VolatileRange_US_FakeoutProne_4h_Pattern_18,1.4100000000000001
XAUUSD_4h_backtest_063,2025-07-21T12:02:59.340364,XAUUSD,4h,backtest,NEUTRAL,1.42,6.71,BalancedWicks_Asian_GreedDriven_4h_Pattern_19,1.42
XAUUSD_4h_backtest_064,2025-07-21T12:07:59.340366,XAUUSD,4h,backtest,UP,1.4300000000000002,6.8100000000000005,TightRange_European_FearDriven_4h_Pattern_20,1.4300000000000002
XAUUSD_4h_backtest_065,2025-07-21T12:12:59.340370,XAUUSD,4h,backtest,DOWN,1.44,6.91,BreakoutPattern_US_MomentumDriven_4h_Pattern_21,1.44
XAUUSD_4h_backtest_066,2025-07-21T12:17:59.340374,XAUUSD,4h,backtest,NEUTRAL,1.4500000000000002,7.01,ReversalPattern_Asian_ExhaustionSignal_4h_Pattern_22,1.4500000000000002
XAUUSD_4h_backtest_067,2025-07-21T12:22:59.340377,XAUUSD,4h,backtest,UP,1.46,7.11,HighVolume_Asian_LiquiditySweep_4h_Pattern_01,1.46
XAUUSD_4h_backtest_068,2025-07-21T12:27:59.340380,XAUUSD,4h,backtest,DOWN,1.4700000000000002,7.21,LowVolume_European_TightRange_4h_Pattern_02,1.4700000000000002
XAUUSD_4h_backtest_069,2025-07-21T12:32:59.340383,XAUUSD,4h,backtest,NEUTRAL,1.48,7.3100000000000005,VolatileRange_US_FakeoutProne_4h_Pattern_03,1.48
XAUUSD_4h_backtest_070,2025-07-21T12:37:59.340392,XAUUSD,4h,backtest,UP,1.4900000000000002,7.41,BalancedWicks_Asian_GreedDriven_4h_Pattern_04,1.4900000000000002
XAUUSD_4h_backtest_071,2025-07-21T12:42:59.340395,XAUUSD,4h,backtest,DOWN,1.5,7.51,TightRange_European_FearDriven_4h_Pattern_05,1.5
XAUUSD_4h_backtest_072,2025-07-21T12:47:59.340399,XAUUSD,4h,backtest,NEUTRAL,1.51,7.61,BreakoutPattern_US_MomentumDriven_4h_Pattern_06,1.51
XAUUSD_4h_backtest_073,2025-07-21T12:52:59.340402,XAUUSD,4h,backtest,UP,1.52,7.71,ReversalPattern_Asian_ExhaustionSignal_4h_Pattern_07,1.52
XAUUSD_4h_backtest_074,2025-07-21T12:57:59.340406,XAUUSD,4h,backtest,DOWN,1.53,7.8100000000000005,ContinuationPattern_European_TrendFollowing_4h_Pattern_08,1.53
XAUUSD_4h_backtest_075,2025-07-21T13:02:59.340409,XAUUSD,4h,backtest,NEUTRAL,1.54,7.91,GapFill_US_LiquidityReturn_4h_Pattern_09,1.54
XAUUSD_4h_backtest_076,2025-07-21T13:07:59.340412,XAUUSD,4h,backtest,UP,1.55,8.01,FakeBreak_Asian_TrapPattern_4h_Pattern_10,1.55
XAUUSD_4h_backtest_077,2025-07-21T13:12:59.340414,XAUUSD,4h,backtest,DOWN,1.56,8.110000000000001,VolumeSpike_European_NewsReaction_4h_Pattern_11,1.56
XAUUSD_4h_backtest_078,2025-07-21T13:17:59.340419,XAUUSD,4h,backtest,NEUTRAL,1.57,8.209999999999999,RangeExpansion_US_VolatilityBreakout_4h_Pattern_12,1.57
XAUUSD_4h_backtest_079,2025-07-21T13:22:59.340423,XAUUSD,4h,backtest,UP,1.58,8.31,Consolidation_Asian_AccumulationPhase_4h_Pattern_13,1.58
XAUUSD_4h_backtest_080,2025-07-21T13:27:59.340426,XAUUSD,4h,backtest,DOWN,1.59,8.41,Impulse_European_DirectionalMove_4h_Pattern_14,1.59
XAUUSD_4h_backtest_081,2025-07-21T13:32:59.340429,XAUUSD,4h,backtest,NEUTRAL,1.6,8.51,Correction_US_RetracementPattern_4h_Pattern_15,1.6
XAUUSD_4h_backtest_082,2025-07-21T13:37:59.340433,XAUUSD,4h,backtest,UP,1.61,8.61,HighVolume_Asian_LiquiditySweep_4h_Pattern_16,1.61
XAUUSD_4h_backtest_083,2025-07-21T13:42:59.340435,XAUUSD,4h,backtest,DOWN,1.62,8.71,LowVolume_European_TightRange_4h_Pattern_17,1.62
XAUUSD_4h_backtest_084,2025-07-21T13:47:59.340438,XAUUSD,4h,backtest,NEUTRAL,1.6300000000000001,8.81,VolatileRange_US_FakeoutProne_4h_Pattern_18,1.6300000000000001
XAUUSD_4h_backtest_085,2025-07-21T13:52:59.340440,XAUUSD,4h,backtest,UP,1.6400000000000001,8.91,BalancedWicks_Asian_GreedDriven_4h_Pattern_19,1.6400000000000001
XAUUSD_4h_backtest_086,2025-07-21T13:57:59.340443,XAUUSD,4h,backtest,DOWN,1.65,9.01,TightRange_European_FearDriven_4h_Pattern_20,1.65
XAUUSD_4h_backtest_087,2025-07-21T14:02:59.340445,XAUUSD,4h,backtest,NEUTRAL,1.6600000000000001,9.11,BreakoutPattern_US_MomentumDriven_4h_Pattern_21,1.6600000000000001
XAUUSD_4h_backtest_088,2025-07-21T14:07:59.340450,XAUUSD,4h,backtest,UP,1.67,9.21,ReversalPattern_Asian_ExhaustionSignal_4h_Pattern_22,1.67
XAUUSD_4h_backtest_089,2025-07-21T14:12:59.340454,XAUUSD,4h,backtest,DOWN,1.6800000000000002,9.31,HighVolume_Asian_LiquiditySweep_4h_Pattern_01,1.6800000000000002
XAUUSD_4h_backtest_090,2025-07-21T14:17:59.340458,XAUUSD,4h,backtest,NEUTRAL,1.69,9.41,LowVolume_European_TightRange_4h_Pattern_02,1.69
XAUUSD_4h_backtest_091,2025-07-21T14:22:59.340463,XAUUSD,4h,backtest,UP,1.7000000000000002,9.51,VolatileRange_US_FakeoutProne_4h_Pattern_03,1.7000000000000002
XAUUSD_4h_backtest_092,2025-07-21T14:27:59.340467,XAUUSD,4h,backtest,DOWN,1.71,9.61,BalancedWicks_Asian_GreedDriven_4h_Pattern_04,1.71
XAUUSD_4h_backtest_093,2025-07-21T14:32:59.340470,XAUUSD,4h,backtest,NEUTRAL,1.7200000000000002,9.71,TightRange_European_FearDriven_4h_Pattern_05,1.7200000000000002
XAUUSD_4h_backtest_094,2025-07-21T14:37:59.340473,XAUUSD,4h,backtest,UP,1.73,9.81,BreakoutPattern_US_MomentumDriven_4h_Pattern_06,1.73
XAUUSD_4h_backtest_095,2025-07-21T14:42:59.340475,XAUUSD,4h,backtest,DOWN,1.7400000000000002,9.91,ReversalPattern_Asian_ExhaustionSignal_4h_Pattern_07,1.7400000000000002
XAUUSD_4h_backtest_096,2025-07-21T14:47:59.340477,XAUUSD,4h,backtest,NEUTRAL,1.75,10.01,ContinuationPattern_European_TrendFollowing_4h_Pattern_08,1.75
XAUUSD_4h_backtest_097,2025-07-21T14:52:59.340486,XAUUSD,4h,backtest,UP,1.76,10.110000000000001,GapFill_US_LiquidityReturn_4h_Pattern_09,1.76
XAUUSD_4h_backtest_098,2025-07-21T14:57:59.340489,XAUUSD,4h,backtest,DOWN,1.77,10.21,FakeBreak_Asian_TrapPattern_4h_Pattern_10,1.77
XAUUSD_4h_backtest_099,2025-07-21T15:02:59.340492,XAUUSD,4h,backtest,NEUTRAL,1.78,10.31,VolumeSpike_European_NewsReaction_4h_Pattern_11,1.78
XAUUSD_4h_backtest_100,2025-07-21T15:07:59.340494,XAUUSD,4h,backtest,UP,1.79,10.41,RangeExpansion_US_VolatilityBreakout_4h_Pattern_12,1.79
XAUUSD_1d_backtest_001,2025-07-21T06:52:59.340515,XAUUSD,1d,backtest,UP,0.77,0.7,HighVolume_Asian_LiquiditySweep_1d_Pattern_01,0.77
XAUUSD_1d_backtest_002,2025-07-21T06:57:59.340520,XAUUSD,1d,backtest,DOWN,0.78,0.8,LowVolume_European_TightRange_1d_Pattern_02,0.78
XAUUSD_1d_backtest_003,2025-07-21T07:02:59.340525,XAUUSD,1d,backtest,NEUTRAL,0.79,0.8999999999999999,VolatileRange_US_FakeoutProne_1d_Pattern_03,0.79
XAUUSD_1d_backtest_004,2025-07-21T07:07:59.340527,XAUUSD,1d,backtest,UP,0.8,1.0,BalancedWicks_Asian_GreedDriven_1d_Pattern_04,0.8
XAUUSD_1d_backtest_005,2025-07-21T07:12:59.340533,XAUUSD,1d,backtest,DOWN,0.81,1.1,TightRange_European_FearDriven_1d_Pattern_05,0.81
XAUUSD_1d_backtest_006,2025-07-21T07:17:59.340540,XAUUSD,1d,backtest,NEUTRAL,0.8200000000000001,1.2,BreakoutPattern_US_MomentumDriven_1d_Pattern_06,0.8200000000000001
XAUUSD_1d_backtest_007,2025-07-21T07:22:59.340543,XAUUSD,1d,backtest,UP,0.8300000000000001,1.3,ReversalPattern_Asian_ExhaustionSignal_1d_Pattern_07,0.8300000000000001
XAUUSD_1d_backtest_008,2025-07-21T07:27:59.340554,XAUUSD,1d,backtest,DOWN,0.8400000000000001,1.4000000000000001,ContinuationPattern_European_TrendFollowing_1d_Pattern_08,0.8400000000000001
XAUUSD_1d_backtest_009,2025-07-21T07:32:59.340557,XAUUSD,1d,backtest,NEUTRAL,0.8499999999999999,1.5,GapFill_US_LiquidityReturn_1d_Pattern_09,0.8499999999999999
XAUUSD_1d_backtest_010,2025-07-21T07:37:59.340560,XAUUSD,1d,backtest,UP,0.8599999999999999,1.5999999999999999,FakeBreak_Asian_TrapPattern_1d_Pattern_10,0.8599999999999999
XAUUSD_1d_backtest_011,2025-07-21T07:42:59.340563,XAUUSD,1d,backtest,DOWN,0.8699999999999999,1.7,VolumeSpike_European_NewsReaction_1d_Pattern_11,0.8699999999999999
XAUUSD_1d_backtest_012,2025-07-21T07:47:59.340567,XAUUSD,1d,backtest,NEUTRAL,0.8799999999999999,1.8,RangeExpansion_US_VolatilityBreakout_1d_Pattern_12,0.8799999999999999
XAUUSD_1d_backtest_013,2025-07-21T07:52:59.340570,XAUUSD,1d,backtest,UP,0.8899999999999999,1.9000000000000001,Consolidation_Asian_AccumulationPhase_1d_Pattern_13,0.8899999999999999
XAUUSD_1d_backtest_014,2025-07-21T07:57:59.340572,XAUUSD,1d,backtest,DOWN,0.8999999999999999,2.0,Impulse_European_DirectionalMove_1d_Pattern_14,0.8999999999999999
XAUUSD_1d_backtest_015,2025-07-21T08:02:59.340578,XAUUSD,1d,backtest,NEUTRAL,0.9099999999999999,2.1,Correction_US_RetracementPattern_1d_Pattern_15,0.9099999999999999
XAUUSD_1d_backtest_016,2025-07-21T08:07:59.340583,XAUUSD,1d,backtest,UP,0.9199999999999999,2.2,HighVolume_Asian_LiquiditySweep_1d_Pattern_16,0.9199999999999999
XAUUSD_1d_backtest_017,2025-07-21T08:12:59.340586,XAUUSD,1d,backtest,DOWN,0.9299999999999999,2.3000000000000003,LowVolume_European_TightRange_1d_Pattern_17,0.9299999999999999
XAUUSD_1d_backtest_018,2025-07-21T08:17:59.340589,XAUUSD,1d,backtest,NEUTRAL,0.94,2.4000000000000004,VolatileRange_US_FakeoutProne_1d_Pattern_18,0.94
XAUUSD_1d_backtest_019,2025-07-21T08:22:59.340591,XAUUSD,1d,backtest,UP,0.95,2.5,HighVolume_Asian_LiquiditySweep_1d_Pattern_01,0.95
XAUUSD_1d_backtest_020,2025-07-21T08:27:59.340594,XAUUSD,1d,backtest,DOWN,0.96,2.6000000000000005,LowVolume_European_TightRange_1d_Pattern_02,0.96
XAUUSD_1d_backtest_021,2025-07-21T08:32:59.340600,XAUUSD,1d,backtest,NEUTRAL,0.97,2.7,VolatileRange_US_FakeoutProne_1d_Pattern_03,0.97
XAUUSD_1d_backtest_022,2025-07-21T08:37:59.340606,XAUUSD,1d,backtest,UP,0.98,2.8000000000000003,BalancedWicks_Asian_GreedDriven_1d_Pattern_04,0.98
XAUUSD_1d_backtest_023,2025-07-21T08:42:59.340608,XAUUSD,1d,backtest,DOWN,0.99,2.9000000000000004,TightRange_European_FearDriven_1d_Pattern_05,0.99
XAUUSD_1d_backtest_024,2025-07-21T08:47:59.340615,XAUUSD,1d,backtest,NEUTRAL,1.0,3.0000000000000004,BreakoutPattern_US_MomentumDriven_1d_Pattern_06,1.0
XAUUSD_1d_backtest_025,2025-07-21T08:52:59.340618,XAUUSD,1d,backtest,UP,1.01,3.1000000000000005,ReversalPattern_Asian_ExhaustionSignal_1d_Pattern_07,1.01
XAUUSD_1d_backtest_026,2025-07-21T08:57:59.340621,XAUUSD,1d,backtest,DOWN,1.02,3.2,ContinuationPattern_European_TrendFollowing_1d_Pattern_08,1.02
XAUUSD_1d_backtest_027,2025-07-21T09:02:59.340624,XAUUSD,1d,backtest,NEUTRAL,1.03,3.3000000000000003,GapFill_US_LiquidityReturn_1d_Pattern_09,1.03
XAUUSD_1d_backtest_028,2025-07-21T09:07:59.340627,XAUUSD,1d,backtest,UP,1.04,3.4000000000000004,FakeBreak_Asian_TrapPattern_1d_Pattern_10,1.04
XAUUSD_1d_backtest_029,2025-07-21T09:12:59.340631,XAUUSD,1d,backtest,DOWN,1.05,3.5000000000000004,VolumeSpike_European_NewsReaction_1d_Pattern_11,1.05
XAUUSD_1d_backtest_030,2025-07-21T09:17:59.340634,XAUUSD,1d,backtest,NEUTRAL,1.06,3.6000000000000005,RangeExpansion_US_VolatilityBreakout_1d_Pattern_12,1.06
XAUUSD_1d_backtest_031,2025-07-21T09:22:59.340637,XAUUSD,1d,backtest,UP,1.07,3.7,Consolidation_Asian_AccumulationPhase_1d_Pattern_13,1.07
XAUUSD_1d_backtest_032,2025-07-21T09:27:59.340641,XAUUSD,1d,backtest,DOWN,1.08,3.8000000000000003,Impulse_European_DirectionalMove_1d_Pattern_14,1.08
XAUUSD_1d_backtest_033,2025-07-21T09:32:59.340643,XAUUSD,1d,backtest,NEUTRAL,1.09,3.9000000000000004,Correction_US_RetracementPattern_1d_Pattern_15,1.09
XAUUSD_1d_backtest_034,2025-07-21T09:37:59.340651,XAUUSD,1d,backtest,UP,1.1,4.0,HighVolume_Asian_LiquiditySweep_1d_Pattern_16,1.1
XAUUSD_1d_backtest_035,2025-07-21T09:42:59.340654,XAUUSD,1d,backtest,DOWN,1.11,4.1000000000000005,LowVolume_European_TightRange_1d_Pattern_17,1.11
XAUUSD_1d_backtest_036,2025-07-21T09:47:59.340657,XAUUSD,1d,backtest,NEUTRAL,1.12,4.2,VolatileRange_US_FakeoutProne_1d_Pattern_18,1.12
XAUUSD_1d_backtest_037,2025-07-21T09:52:59.340661,XAUUSD,1d,backtest,UP,1.1300000000000001,4.3,HighVolume_Asian_LiquiditySweep_1d_Pattern_01,1.1300000000000001
XAUUSD_1d_backtest_038,2025-07-21T09:57:59.340664,XAUUSD,1d,backtest,DOWN,1.14,4.4,LowVolume_European_TightRange_1d_Pattern_02,1.14
XAUUSD_1d_backtest_039,2025-07-21T10:02:59.340667,XAUUSD,1d,backtest,NEUTRAL,1.1500000000000001,4.500000000000001,VolatileRange_US_FakeoutProne_1d_Pattern_03,1.1500000000000001
XAUUSD_1d_backtest_040,2025-07-21T10:07:59.340669,XAUUSD,1d,backtest,UP,1.16,4.6000000000000005,BalancedWicks_Asian_GreedDriven_1d_Pattern_04,1.16
XAUUSD_1d_backtest_041,2025-07-21T10:12:59.340672,XAUUSD,1d,backtest,DOWN,1.1700000000000002,4.7,TightRange_European_FearDriven_1d_Pattern_05,1.1700000000000002
XAUUSD_1d_backtest_042,2025-07-21T10:17:59.340682,XAUUSD,1d,backtest,NEUTRAL,1.18,4.800000000000001,BreakoutPattern_US_MomentumDriven_1d_Pattern_06,1.18
XAUUSD_1d_backtest_043,2025-07-21T10:22:59.340688,XAUUSD,1d,backtest,UP,1.19,4.9,ReversalPattern_Asian_ExhaustionSignal_1d_Pattern_07,1.19
XAUUSD_1d_backtest_044,2025-07-21T10:27:59.340690,XAUUSD,1d,backtest,DOWN,1.2,5.0,ContinuationPattern_European_TrendFollowing_1d_Pattern_08,1.2
XAUUSD_1d_backtest_045,2025-07-21T10:32:59.340693,XAUUSD,1d,backtest,NEUTRAL,1.21,5.1000000000000005,GapFill_US_LiquidityReturn_1d_Pattern_09,1.21
XAUUSD_1d_backtest_046,2025-07-21T10:37:59.340695,XAUUSD,1d,backtest,UP,1.22,5.2,FakeBreak_Asian_TrapPattern_1d_Pattern_10,1.22
XAUUSD_1d_backtest_047,2025-07-21T10:42:59.340699,XAUUSD,1d,backtest,DOWN,1.23,5.300000000000001,VolumeSpike_European_NewsReaction_1d_Pattern_11,1.23
XAUUSD_1d_backtest_048,2025-07-21T10:47:59.340702,XAUUSD,1d,backtest,NEUTRAL,1.24,5.4,RangeExpansion_US_VolatilityBreakout_1d_Pattern_12,1.24
XAUUSD_1d_backtest_049,2025-07-21T10:52:59.340704,XAUUSD,1d,backtest,UP,1.25,5.500000000000001,Consolidation_Asian_AccumulationPhase_1d_Pattern_13,1.25
XAUUSD_1d_backtest_050,2025-07-21T10:57:59.340707,XAUUSD,1d,backtest,DOWN,1.26,5.6000000000000005,Impulse_European_DirectionalMove_1d_Pattern_14,1.26
XAUUSD_1d_backtest_051,2025-07-21T11:02:59.340710,XAUUSD,1d,backtest,NEUTRAL,1.27,5.7,Correction_US_RetracementPattern_1d_Pattern_15,1.27
XAUUSD_1d_backtest_052,2025-07-21T11:07:59.340721,XAUUSD,1d,backtest,UP,1.28,5.800000000000001,HighVolume_Asian_LiquiditySweep_1d_Pattern_16,1.28
XAUUSD_1d_backtest_053,2025-07-21T11:12:59.340725,XAUUSD,1d,backtest,DOWN,1.29,5.9,LowVolume_European_TightRange_1d_Pattern_17,1.29
XAUUSD_1d_backtest_054,2025-07-21T11:17:59.340730,XAUUSD,1d,backtest,NEUTRAL,1.3,6.000000000000001,VolatileRange_US_FakeoutProne_1d_Pattern_18,1.3
XAUUSD_1d_backtest_055,2025-07-21T11:22:59.340732,XAUUSD,1d,backtest,UP,1.31,6.1000000000000005,HighVolume_Asian_LiquiditySweep_1d_Pattern_01,1.31
XAUUSD_1d_backtest_056,2025-07-21T11:27:59.340735,XAUUSD,1d,backtest,DOWN,1.32,6.2,LowVolume_European_TightRange_1d_Pattern_02,1.32
XAUUSD_1d_backtest_057,2025-07-21T11:32:59.340738,XAUUSD,1d,backtest,NEUTRAL,1.33,6.300000000000001,VolatileRange_US_FakeoutProne_1d_Pattern_03,1.33
XAUUSD_1d_backtest_058,2025-07-21T11:37:59.340740,XAUUSD,1d,backtest,UP,1.34,6.4,BalancedWicks_Asian_GreedDriven_1d_Pattern_04,1.34
XAUUSD_1d_backtest_059,2025-07-21T11:42:59.340743,XAUUSD,1d,backtest,DOWN,1.3499999999999999,6.500000000000001,TightRange_European_FearDriven_1d_Pattern_05,1.3499999999999999
XAUUSD_1d_backtest_060,2025-07-21T11:47:59.340745,XAUUSD,1d,backtest,NEUTRAL,1.36,6.6000000000000005,BreakoutPattern_US_MomentumDriven_1d_Pattern_06,1.36
XAUUSD_1d_backtest_061,2025-07-21T11:52:59.340750,XAUUSD,1d,backtest,UP,1.3699999999999999,6.7,ReversalPattern_Asian_ExhaustionSignal_1d_Pattern_07,1.3699999999999999
XAUUSD_1d_backtest_062,2025-07-21T11:57:59.340754,XAUUSD,1d,backtest,DOWN,1.3800000000000001,6.800000000000001,ContinuationPattern_European_TrendFollowing_1d_Pattern_08,1.3800000000000001
XAUUSD_1d_backtest_063,2025-07-21T12:02:59.340757,XAUUSD,1d,backtest,NEUTRAL,1.39,6.9,GapFill_US_LiquidityReturn_1d_Pattern_09,1.39
XAUUSD_1d_backtest_064,2025-07-21T12:07:59.340760,XAUUSD,1d,backtest,UP,1.4000000000000001,7.000000000000001,FakeBreak_Asian_TrapPattern_1d_Pattern_10,1.4000000000000001
XAUUSD_1d_backtest_065,2025-07-21T12:12:59.340762,XAUUSD,1d,backtest,DOWN,1.41,7.1000000000000005,VolumeSpike_European_NewsReaction_1d_Pattern_11,1.41
XAUUSD_1d_backtest_066,2025-07-21T12:17:59.340765,XAUUSD,1d,backtest,NEUTRAL,1.4200000000000002,7.2,RangeExpansion_US_VolatilityBreakout_1d_Pattern_12,1.4200000000000002
XAUUSD_1d_backtest_067,2025-07-21T12:22:59.340771,XAUUSD,1d,backtest,UP,1.43,7.300000000000001,Consolidation_Asian_AccumulationPhase_1d_Pattern_13,1.43
XAUUSD_1d_backtest_068,2025-07-21T12:27:59.340774,XAUUSD,1d,backtest,DOWN,1.4400000000000002,7.4,Impulse_European_DirectionalMove_1d_Pattern_14,1.4400000000000002
XAUUSD_1d_backtest_069,2025-07-21T12:32:59.340778,XAUUSD,1d,backtest,NEUTRAL,1.45,7.500000000000001,Correction_US_RetracementPattern_1d_Pattern_15,1.45
XAUUSD_1d_backtest_070,2025-07-21T12:37:59.340782,XAUUSD,1d,backtest,UP,1.4600000000000002,7.6000000000000005,HighVolume_Asian_LiquiditySweep_1d_Pattern_16,1.4600000000000002
XAUUSD_1d_backtest_071,2025-07-21T12:42:59.340785,XAUUSD,1d,backtest,DOWN,1.47,7.7,LowVolume_European_TightRange_1d_Pattern_17,1.47
XAUUSD_1d_backtest_072,2025-07-21T12:47:59.340789,XAUUSD,1d,backtest,NEUTRAL,1.48,7.800000000000001,VolatileRange_US_FakeoutProne_1d_Pattern_18,1.48
XAUUSD_1d_backtest_073,2025-07-21T12:52:59.340792,XAUUSD,1d,backtest,UP,1.49,7.9,HighVolume_Asian_LiquiditySweep_1d_Pattern_01,1.49
XAUUSD_1d_backtest_074,2025-07-21T12:57:59.340794,XAUUSD,1d,backtest,DOWN,1.5,8.0,LowVolume_European_TightRange_1d_Pattern_02,1.5
XAUUSD_1d_backtest_075,2025-07-21T13:02:59.340797,XAUUSD,1d,backtest,NEUTRAL,1.51,8.1,VolatileRange_US_FakeoutProne_1d_Pattern_03,1.51
XAUUSD_1d_backtest_076,2025-07-21T13:07:59.340799,XAUUSD,1d,backtest,UP,1.52,8.2,BalancedWicks_Asian_GreedDriven_1d_Pattern_04,1.52
XAUUSD_1d_backtest_077,2025-07-21T13:12:59.340802,XAUUSD,1d,backtest,DOWN,1.53,8.3,TightRange_European_FearDriven_1d_Pattern_05,1.53
XAUUSD_1d_backtest_078,2025-07-21T13:17:59.340804,XAUUSD,1d,backtest,NEUTRAL,1.54,8.399999999999999,BreakoutPattern_US_MomentumDriven_1d_Pattern_06,1.54
XAUUSD_1d_backtest_079,2025-07-21T13:22:59.340809,XAUUSD,1d,backtest,UP,1.55,8.5,ReversalPattern_Asian_ExhaustionSignal_1d_Pattern_07,1.55
XAUUSD_1d_backtest_080,2025-07-21T13:27:59.340815,XAUUSD,1d,backtest,DOWN,1.56,8.6,ContinuationPattern_European_TrendFollowing_1d_Pattern_08,1.56
XAUUSD_1d_backtest_081,2025-07-21T13:32:59.340818,XAUUSD,1d,backtest,NEUTRAL,1.57,8.7,GapFill_US_LiquidityReturn_1d_Pattern_09,1.57
XAUUSD_1d_backtest_082,2025-07-21T13:37:59.340822,XAUUSD,1d,backtest,UP,1.58,8.799999999999999,FakeBreak_Asian_TrapPattern_1d_Pattern_10,1.58
XAUUSD_1d_backtest_083,2025-07-21T13:42:59.340824,XAUUSD,1d,backtest,DOWN,1.59,8.9,VolumeSpike_European_NewsReaction_1d_Pattern_11,1.59
XAUUSD_1d_backtest_084,2025-07-21T13:47:59.340827,XAUUSD,1d,backtest,NEUTRAL,1.6,9.0,RangeExpansion_US_VolatilityBreakout_1d_Pattern_12,1.6
XAUUSD_1d_backtest_085,2025-07-21T13:52:59.340831,XAUUSD,1d,backtest,UP,1.61,9.1,Consolidation_Asian_AccumulationPhase_1d_Pattern_13,1.61
XAUUSD_1d_backtest_086,2025-07-21T13:57:59.340835,XAUUSD,1d,backtest,DOWN,1.6199999999999999,9.2,Impulse_European_DirectionalMove_1d_Pattern_14,1.6199999999999999
XAUUSD_1d_backtest_087,2025-07-21T14:02:59.340838,XAUUSD,1d,backtest,NEUTRAL,1.6300000000000001,9.299999999999999,Correction_US_RetracementPattern_1d_Pattern_15,1.6300000000000001
XAUUSD_1d_backtest_088,2025-07-21T14:07:59.340849,XAUUSD,1d,backtest,UP,1.64,9.4,HighVolume_Asian_LiquiditySweep_1d_Pattern_16,1.64
XAUUSD_1d_backtest_089,2025-07-21T14:12:59.340852,XAUUSD,1d,backtest,DOWN,1.6500000000000001,9.5,LowVolume_European_TightRange_1d_Pattern_17,1.6500000000000001
XAUUSD_1d_backtest_090,2025-07-21T14:17:59.340855,XAUUSD,1d,backtest,NEUTRAL,1.66,9.6,VolatileRange_US_FakeoutProne_1d_Pattern_18,1.66
XAUUSD_1d_backtest_091,2025-07-21T14:22:59.340857,XAUUSD,1d,backtest,UP,1.6700000000000002,9.7,HighVolume_Asian_LiquiditySweep_1d_Pattern_01,1.6700000000000002
XAUUSD_1d_backtest_092,2025-07-21T14:27:59.340862,XAUUSD,1d,backtest,DOWN,1.68,9.799999999999999,LowVolume_European_TightRange_1d_Pattern_02,1.68
XAUUSD_1d_backtest_093,2025-07-21T14:32:59.340867,XAUUSD,1d,backtest,NEUTRAL,1.6900000000000002,9.9,VolatileRange_US_FakeoutProne_1d_Pattern_03,1.6900000000000002
XAUUSD_1d_backtest_094,2025-07-21T14:37:59.340870,XAUUSD,1d,backtest,UP,1.7,10.0,BalancedWicks_Asian_GreedDriven_1d_Pattern_04,1.7
XAUUSD_1d_backtest_095,2025-07-21T14:42:59.340873,XAUUSD,1d,backtest,DOWN,1.7100000000000002,10.1,TightRange_European_FearDriven_1d_Pattern_05,1.7100000000000002
XAUUSD_1d_backtest_096,2025-07-21T14:47:59.340875,XAUUSD,1d,backtest,NEUTRAL,1.72,10.2,BreakoutPattern_US_MomentumDriven_1d_Pattern_06,1.72
XAUUSD_1d_backtest_097,2025-07-21T14:52:59.340879,XAUUSD,1d,backtest,UP,1.73,10.3,ReversalPattern_Asian_ExhaustionSignal_1d_Pattern_07,1.73
XAUUSD_1d_backtest_098,2025-07-21T14:57:59.340882,XAUUSD,1d,backtest,DOWN,1.74,10.4,ContinuationPattern_European_TrendFollowing_1d_Pattern_08,1.74
XAUUSD_1d_backtest_099,2025-07-21T15:02:59.340885,XAUUSD,1d,backtest,NEUTRAL,1.75,10.5,GapFill_US_LiquidityReturn_1d_Pattern_09,1.75
XAUUSD_1d_backtest_100,2025-07-21T15:07:59.340887,XAUUSD,1d,backtest,UP,1.76,10.6,FakeBreak_Asian_TrapPattern_1d_Pattern_10,1.76
GC=F_1m_live_001,2025-07-21T06:52:59.340913,GC=F,1m,live,UP,0.87,0.51,HighVolume_Asian_LiquiditySweep_1m_Pattern_01,0.87
GC=F_1m_live_002,2025-07-21T06:57:59.340918,GC=F,1m,live,DOWN,0.88,0.61,LowVolume_European_TightRange_1m_Pattern_02,0.88
GC=F_1m_live_003,2025-07-21T07:02:59.340921,GC=F,1m,live,NEUTRAL,0.89,0.71,VolatileRange_US_FakeoutProne_1m_Pattern_03,0.89
GC=F_5m_live_001,2025-07-21T06:52:59.340934,GC=F,5m,live,UP,0.74,0.67,HighVolume_Asian_LiquiditySweep_5m_Pattern_01,0.74
GC=F_5m_live_002,2025-07-21T06:57:59.340939,GC=F,5m,live,DOWN,0.75,0.77,LowVolume_European_TightRange_5m_Pattern_02,0.75
GC=F_5m_live_003,2025-07-21T07:02:59.340944,GC=F,5m,live,NEUTRAL,0.76,0.87,VolatileRange_US_FakeoutProne_5m_Pattern_03,0.76
GC=F_15m_live_001,2025-07-21T06:52:59.340953,GC=F,15m,live,UP,0.84,0.69,HighVolume_Asian_LiquiditySweep_15m_Pattern_01,0.84
GC=F_15m_live_002,2025-07-21T06:57:59.340956,GC=F,15m,live,DOWN,0.85,0.79,LowVolume_European_TightRange_15m_Pattern_02,0.85
GC=F_15m_live_003,2025-07-21T07:02:59.340959,GC=F,15m,live,NEUTRAL,0.86,0.8899999999999999,VolatileRange_US_FakeoutProne_15m_Pattern_03,0.86
GC=F_1h_live_001,2025-07-21T06:52:59.340969,GC=F,1h,live,UP,0.8899999999999999,0.77,HighVolume_Asian_LiquiditySweep_1h_Pattern_01,0.8899999999999999
GC=F_1h_live_002,2025-07-21T06:57:59.340971,GC=F,1h,live,DOWN,0.8999999999999999,0.87,LowVolume_European_TightRange_1h_Pattern_02,0.8999999999999999
GC=F_1h_live_003,2025-07-21T07:02:59.340976,GC=F,1h,live,NEUTRAL,0.9099999999999999,0.97,VolatileRange_US_FakeoutProne_1h_Pattern_03,0.9099999999999999
GC=F_4h_live_001,2025-07-21T06:52:59.340987,GC=F,4h,live,UP,0.87,0.51,HighVolume_Asian_LiquiditySweep_4h_Pattern_01,0.87
GC=F_4h_live_002,2025-07-21T06:57:59.340990,GC=F,4h,live,DOWN,0.88,0.61,LowVolume_European_TightRange_4h_Pattern_02,0.88
GC=F_4h_live_003,2025-07-21T07:02:59.340995,GC=F,4h,live,NEUTRAL,0.89,0.71,VolatileRange_US_FakeoutProne_4h_Pattern_03,0.89
GC=F_1d_live_001,2025-07-21T06:52:59.341008,GC=F,1d,live,UP,0.82,0.7,HighVolume_Asian_LiquiditySweep_1d_Pattern_01,0.82
GC=F_1d_live_002,2025-07-21T06:57:59.341010,GC=F,1d,live,DOWN,0.83,0.8,LowVolume_European_TightRange_1d_Pattern_02,0.83
GC=F_1d_live_003,2025-07-21T07:02:59.341013,GC=F,1d,live,NEUTRAL,0.84,0.8999999999999999,VolatileRange_US_FakeoutProne_1d_Pattern_03,0.84
GC=F_1m_batch_001,2025-07-21T06:52:59.341023,GC=F,1m,batch,UP,0.8899999999999999,0.51,HighVolume_Asian_LiquiditySweep_1m_Pattern_01,0.8899999999999999
GC=F_1m_batch_002,2025-07-21T06:57:59.341026,GC=F,1m,batch,DOWN,0.8999999999999999,0.61,LowVolume_European_TightRange_1m_Pattern_02,0.8999999999999999
GC=F_1m_batch_003,2025-07-21T07:02:59.341029,GC=F,1m,batch,NEUTRAL,0.9099999999999999,0.71,VolatileRange_US_FakeoutProne_1m_Pattern_03,0.9099999999999999
GC=F_1m_batch_004,2025-07-21T07:07:59.341031,GC=F,1m,batch,UP,0.9199999999999999,0.81,BalancedWicks_Asian_GreedDriven_1m_Pattern_04,0.9199999999999999
GC=F_1m_batch_005,2025-07-21T07:12:59.341036,GC=F,1m,batch,DOWN,0.9299999999999999,0.91,TightRange_European_FearDriven_1m_Pattern_05,0.9299999999999999
GC=F_1m_batch_006,2025-07-21T07:17:59.341041,GC=F,1m,batch,NEUTRAL,0.94,1.01,BreakoutPattern_US_MomentumDriven_1m_Pattern_06,0.94
GC=F_1m_batch_007,2025-07-21T07:22:59.341044,GC=F,1m,batch,UP,0.95,1.11,ReversalPattern_Asian_ExhaustionSignal_1m_Pattern_07,0.95
GC=F_1m_batch_008,2025-07-21T07:27:59.341046,GC=F,1m,batch,DOWN,0.96,1.2100000000000002,ContinuationPattern_European_TrendFollowing_1m_Pattern_08,0.96
GC=F_1m_batch_009,2025-07-21T07:32:59.341049,GC=F,1m,batch,NEUTRAL,0.97,1.31,GapFill_US_LiquidityReturn_1m_Pattern_09,0.97
GC=F_1m_batch_010,2025-07-21T07:37:59.341053,GC=F,1m,batch,UP,0.98,1.41,FakeBreak_Asian_TrapPattern_1m_Pattern_10,0.98
GC=F_1m_batch_011,2025-07-21T07:42:59.341056,GC=F,1m,batch,DOWN,0.99,1.51,VolumeSpike_European_NewsReaction_1m_Pattern_11,0.99
GC=F_1m_batch_012,2025-07-21T07:47:59.341059,GC=F,1m,batch,NEUTRAL,1.0,1.61,RangeExpansion_US_VolatilityBreakout_1m_Pattern_12,1.0
GC=F_1m_batch_013,2025-07-21T07:52:59.341061,GC=F,1m,batch,UP,1.01,1.7100000000000002,Consolidation_Asian_AccumulationPhase_1m_Pattern_13,1.01
GC=F_1m_batch_014,2025-07-21T07:57:59.341065,GC=F,1m,batch,DOWN,1.02,1.81,Impulse_European_DirectionalMove_1m_Pattern_14,1.02
GC=F_1m_batch_015,2025-07-21T08:02:59.341071,GC=F,1m,batch,NEUTRAL,1.03,1.9100000000000001,Correction_US_RetracementPattern_1m_Pattern_15,1.03
GC=F_1m_batch_016,2025-07-21T08:07:59.341074,GC=F,1m,batch,UP,1.04,2.01,HighVolume_Asian_LiquiditySweep_1m_Pattern_16,1.04
GC=F_1m_batch_017,2025-07-21T08:12:59.341076,GC=F,1m,batch,DOWN,1.05,2.11,LowVolume_European_TightRange_1m_Pattern_17,1.05
GC=F_1m_batch_018,2025-07-21T08:17:59.341079,GC=F,1m,batch,NEUTRAL,1.06,2.21,VolatileRange_US_FakeoutProne_1m_Pattern_18,1.06
GC=F_1m_batch_019,2025-07-21T08:22:59.341082,GC=F,1m,batch,UP,1.0699999999999998,2.3099999999999996,BalancedWicks_Asian_GreedDriven_1m_Pattern_19,1.0699999999999998
GC=F_1m_batch_020,2025-07-21T08:27:59.341086,GC=F,1m,batch,DOWN,1.0799999999999998,2.41,TightRange_European_FearDriven_1m_Pattern_20,1.0799999999999998
GC=F_5m_batch_001,2025-07-21T06:52:59.341099,GC=F,5m,batch,UP,0.87,0.67,HighVolume_Asian_LiquiditySweep_5m_Pattern_01,0.87
GC=F_5m_batch_002,2025-07-21T06:57:59.341101,GC=F,5m,batch,DOWN,0.88,0.77,LowVolume_European_TightRange_5m_Pattern_02,0.88
GC=F_5m_batch_003,2025-07-21T07:02:59.341106,GC=F,5m,batch,NEUTRAL,0.89,0.87,VolatileRange_US_FakeoutProne_5m_Pattern_03,0.89
GC=F_5m_batch_004,2025-07-21T07:07:59.341110,GC=F,5m,batch,UP,0.9,0.9700000000000001,BalancedWicks_Asian_GreedDriven_5m_Pattern_04,0.9
GC=F_5m_batch_005,2025-07-21T07:12:59.341114,GC=F,5m,batch,DOWN,0.91,1.07,TightRange_European_FearDriven_5m_Pattern_05,0.91
GC=F_5m_batch_006,2025-07-21T07:17:59.341118,GC=F,5m,batch,NEUTRAL,0.92,1.17,BreakoutPattern_US_MomentumDriven_5m_Pattern_06,0.92
GC=F_5m_batch_007,2025-07-21T07:22:59.341121,GC=F,5m,batch,UP,0.93,1.27,ReversalPattern_Asian_ExhaustionSignal_5m_Pattern_07,0.93
GC=F_5m_batch_008,2025-07-21T07:27:59.341124,GC=F,5m,batch,DOWN,0.9400000000000001,1.37,ContinuationPattern_European_TrendFollowing_5m_Pattern_08,0.9400000000000001
GC=F_5m_batch_009,2025-07-21T07:32:59.341126,GC=F,5m,batch,NEUTRAL,0.95,1.47,GapFill_US_LiquidityReturn_5m_Pattern_09,0.95
GC=F_5m_batch_010,2025-07-21T07:37:59.341131,GC=F,5m,batch,UP,0.96,1.5699999999999998,FakeBreak_Asian_TrapPattern_5m_Pattern_10,0.96
GC=F_5m_batch_011,2025-07-21T07:42:59.341134,GC=F,5m,batch,DOWN,0.97,1.67,VolumeSpike_European_NewsReaction_5m_Pattern_11,0.97
GC=F_5m_batch_012,2025-07-21T07:47:59.341136,GC=F,5m,batch,NEUTRAL,0.98,1.77,RangeExpansion_US_VolatilityBreakout_5m_Pattern_12,0.98
GC=F_5m_batch_013,2025-07-21T07:52:59.341141,GC=F,5m,batch,UP,0.99,1.87,Consolidation_Asian_AccumulationPhase_5m_Pattern_13,0.99
GC=F_5m_batch_014,2025-07-21T07:57:59.341143,GC=F,5m,batch,DOWN,1.0,1.97,Impulse_European_DirectionalMove_5m_Pattern_14,1.0
GC=F_5m_batch_015,2025-07-21T08:02:59.341151,GC=F,5m,batch,NEUTRAL,1.01,2.0700000000000003,Correction_US_RetracementPattern_5m_Pattern_15,1.01
GC=F_5m_batch_016,2025-07-21T08:07:59.341153,GC=F,5m,batch,UP,1.02,2.17,HighVolume_Asian_LiquiditySweep_5m_Pattern_16,1.02
GC=F_5m_batch_017,2025-07-21T08:12:59.341156,GC=F,5m,batch,DOWN,1.03,2.27,LowVolume_European_TightRange_5m_Pattern_17,1.03
GC=F_5m_batch_018,2025-07-21T08:17:59.341160,GC=F,5m,batch,NEUTRAL,1.04,2.37,VolatileRange_US_FakeoutProne_5m_Pattern_18,1.04
GC=F_5m_batch_019,2025-07-21T08:22:59.341163,GC=F,5m,batch,UP,1.0499999999999998,2.4699999999999998,BalancedWicks_Asian_GreedDriven_5m_Pattern_19,1.0499999999999998
GC=F_5m_batch_020,2025-07-21T08:27:59.341165,GC=F,5m,batch,DOWN,1.0599999999999998,2.5700000000000003,TightRange_European_FearDriven_5m_Pattern_20,1.0599999999999998
GC=F_15m_batch_001,2025-07-21T06:52:59.341181,GC=F,15m,batch,UP,0.77,0.69,HighVolume_Asian_LiquiditySweep_15m_Pattern_01,0.77
GC=F_15m_batch_002,2025-07-21T06:57:59.341185,GC=F,15m,batch,DOWN,0.78,0.79,LowVolume_European_TightRange_15m_Pattern_02,0.78
GC=F_15m_batch_003,2025-07-21T07:02:59.341188,GC=F,15m,batch,NEUTRAL,0.79,0.8899999999999999,VolatileRange_US_FakeoutProne_15m_Pattern_03,0.79
GC=F_15m_batch_004,2025-07-21T07:07:59.341191,GC=F,15m,batch,UP,0.8,0.99,BalancedWicks_Asian_GreedDriven_15m_Pattern_04,0.8
GC=F_15m_batch_005,2025-07-21T07:12:59.341195,GC=F,15m,batch,DOWN,0.81,1.09,TightRange_European_FearDriven_15m_Pattern_05,0.81
GC=F_15m_batch_006,2025-07-21T07:17:59.341200,GC=F,15m,batch,NEUTRAL,0.8200000000000001,1.19,BreakoutPattern_US_MomentumDriven_15m_Pattern_06,0.8200000000000001
GC=F_15m_batch_007,2025-07-21T07:22:59.341205,GC=F,15m,batch,UP,0.8300000000000001,1.29,ReversalPattern_Asian_ExhaustionSignal_15m_Pattern_07,0.8300000000000001
GC=F_15m_batch_008,2025-07-21T07:27:59.341207,GC=F,15m,batch,DOWN,0.8400000000000001,1.3900000000000001,ContinuationPattern_European_TrendFollowing_15m_Pattern_08,0.8400000000000001
GC=F_15m_batch_009,2025-07-21T07:32:59.341210,GC=F,15m,batch,NEUTRAL,0.8499999999999999,1.49,GapFill_US_LiquidityReturn_15m_Pattern_09,0.8499999999999999
GC=F_15m_batch_010,2025-07-21T07:37:59.341213,GC=F,15m,batch,UP,0.8599999999999999,1.5899999999999999,FakeBreak_Asian_TrapPattern_15m_Pattern_10,0.8599999999999999
GC=F_15m_batch_011,2025-07-21T07:42:59.341217,GC=F,15m,batch,DOWN,0.8699999999999999,1.69,VolumeSpike_European_NewsReaction_15m_Pattern_11,0.8699999999999999
GC=F_15m_batch_012,2025-07-21T07:47:59.341219,GC=F,15m,batch,NEUTRAL,0.8799999999999999,1.79,RangeExpansion_US_VolatilityBreakout_15m_Pattern_12,0.8799999999999999
GC=F_15m_batch_013,2025-07-21T07:52:59.341222,GC=F,15m,batch,UP,0.8899999999999999,1.8900000000000001,Consolidation_Asian_AccumulationPhase_15m_Pattern_13,0.8899999999999999
GC=F_15m_batch_014,2025-07-21T07:57:59.341225,GC=F,15m,batch,DOWN,0.8999999999999999,1.99,Impulse_European_DirectionalMove_15m_Pattern_14,0.8999999999999999
GC=F_15m_batch_015,2025-07-21T08:02:59.341229,GC=F,15m,batch,NEUTRAL,0.9099999999999999,2.0900000000000003,Correction_US_RetracementPattern_15m_Pattern_15,0.9099999999999999
GC=F_15m_batch_016,2025-07-21T08:07:59.341232,GC=F,15m,batch,UP,0.9199999999999999,2.19,HighVolume_Asian_LiquiditySweep_15m_Pattern_16,0.9199999999999999
GC=F_15m_batch_017,2025-07-21T08:12:59.341236,GC=F,15m,batch,DOWN,0.9299999999999999,2.29,LowVolume_European_TightRange_15m_Pattern_17,0.9299999999999999
GC=F_15m_batch_018,2025-07-21T08:17:59.341239,GC=F,15m,batch,NEUTRAL,0.94,2.39,VolatileRange_US_FakeoutProne_15m_Pattern_18,0.94
GC=F_15m_batch_019,2025-07-21T08:22:59.341241,GC=F,15m,batch,UP,0.95,2.4899999999999998,BalancedWicks_Asian_GreedDriven_15m_Pattern_19,0.95
GC=F_15m_batch_020,2025-07-21T08:27:59.341247,GC=F,15m,batch,DOWN,0.96,2.5900000000000003,TightRange_European_FearDriven_15m_Pattern_20,0.96
GC=F_1h_batch_001,2025-07-21T06:52:59.341260,GC=F,1h,batch,UP,0.77,0.77,HighVolume_Asian_LiquiditySweep_1h_Pattern_01,0.77
GC=F_1h_batch_002,2025-07-21T06:57:59.341264,GC=F,1h,batch,DOWN,0.78,0.87,LowVolume_European_TightRange_1h_Pattern_02,0.78
GC=F_1h_batch_003,2025-07-21T07:02:59.341267,GC=F,1h,batch,NEUTRAL,0.79,0.97,VolatileRange_US_FakeoutProne_1h_Pattern_03,0.79
GC=F_1h_batch_004,2025-07-21T07:07:59.341270,GC=F,1h,batch,UP,0.8,1.07,BalancedWicks_Asian_GreedDriven_1h_Pattern_04,0.8
GC=F_1h_batch_005,2025-07-21T07:12:59.341274,GC=F,1h,batch,DOWN,0.81,1.17,TightRange_European_FearDriven_1h_Pattern_05,0.81
GC=F_1h_batch_006,2025-07-21T07:17:59.341276,GC=F,1h,batch,NEUTRAL,0.8200000000000001,1.27,BreakoutPattern_US_MomentumDriven_1h_Pattern_06,0.8200000000000001
GC=F_1h_batch_007,2025-07-21T07:22:59.341279,GC=F,1h,batch,UP,0.8300000000000001,1.37,ReversalPattern_Asian_ExhaustionSignal_1h_Pattern_07,0.8300000000000001
GC=F_1h_batch_008,2025-07-21T07:27:59.341281,GC=F,1h,batch,DOWN,0.8400000000000001,1.4700000000000002,ContinuationPattern_European_TrendFollowing_1h_Pattern_08,0.8400000000000001
GC=F_1h_batch_009,2025-07-21T07:32:59.341286,GC=F,1h,batch,NEUTRAL,0.8499999999999999,1.57,GapFill_US_LiquidityReturn_1h_Pattern_09,0.8499999999999999
GC=F_1h_batch_010,2025-07-21T07:37:59.341288,GC=F,1h,batch,UP,0.8599999999999999,1.67,FakeBreak_Asian_TrapPattern_1h_Pattern_10,0.8599999999999999
GC=F_1h_batch_011,2025-07-21T07:42:59.341291,GC=F,1h,batch,DOWN,0.8699999999999999,1.77,VolumeSpike_European_NewsReaction_1h_Pattern_11,0.8699999999999999
GC=F_1h_batch_012,2025-07-21T07:47:59.341294,GC=F,1h,batch,NEUTRAL,0.8799999999999999,1.87,RangeExpansion_US_VolatilityBreakout_1h_Pattern_12,0.8799999999999999
GC=F_1h_batch_013,2025-07-21T07:52:59.341298,GC=F,1h,batch,UP,0.8899999999999999,1.9700000000000002,Consolidation_Asian_AccumulationPhase_1h_Pattern_13,0.8899999999999999
GC=F_1h_batch_014,2025-07-21T07:57:59.341301,GC=F,1h,batch,DOWN,0.8999999999999999,2.0700000000000003,Impulse_European_DirectionalMove_1h_Pattern_14,0.8999999999999999
GC=F_1h_batch_015,2025-07-21T08:02:59.341307,GC=F,1h,batch,NEUTRAL,0.9099999999999999,2.17,Correction_US_RetracementPattern_1h_Pattern_15,0.9099999999999999
GC=F_1h_batch_016,2025-07-21T08:07:59.341309,GC=F,1h,batch,UP,0.9199999999999999,2.27,HighVolume_Asian_LiquiditySweep_1h_Pattern_16,0.9199999999999999
GC=F_1h_batch_017,2025-07-21T08:12:59.341314,GC=F,1h,batch,DOWN,0.9299999999999999,2.37,LowVolume_European_TightRange_1h_Pattern_17,0.9299999999999999
GC=F_1h_batch_018,2025-07-21T08:17:59.341319,GC=F,1h,batch,NEUTRAL,0.94,2.47,VolatileRange_US_FakeoutProne_1h_Pattern_18,0.94
GC=F_1h_batch_019,2025-07-21T08:22:59.341321,GC=F,1h,batch,UP,0.95,2.57,BalancedWicks_Asian_GreedDriven_1h_Pattern_19,0.95
GC=F_1h_batch_020,2025-07-21T08:27:59.341324,GC=F,1h,batch,DOWN,0.96,2.6700000000000004,TightRange_European_FearDriven_1h_Pattern_20,0.96
GC=F_4h_batch_001,2025-07-21T06:52:59.341336,GC=F,4h,batch,UP,0.71,0.51,HighVolume_Asian_LiquiditySweep_4h_Pattern_01,0.71
GC=F_4h_batch_002,2025-07-21T06:57:59.341339,GC=F,4h,batch,DOWN,0.72,0.61,LowVolume_European_TightRange_4h_Pattern_02,0.72
GC=F_4h_batch_003,2025-07-21T07:02:59.341342,GC=F,4h,batch,NEUTRAL,0.73,0.71,VolatileRange_US_FakeoutProne_4h_Pattern_03,0.73
GC=F_4h_batch_004,2025-07-21T07:07:59.341344,GC=F,4h,batch,UP,0.74,0.81,BalancedWicks_Asian_GreedDriven_4h_Pattern_04,0.74
GC=F_4h_batch_005,2025-07-21T07:12:59.341350,GC=F,4h,batch,DOWN,0.75,0.91,TightRange_European_FearDriven_4h_Pattern_05,0.75
GC=F_4h_batch_006,2025-07-21T07:17:59.341353,GC=F,4h,batch,NEUTRAL,0.76,1.01,BreakoutPattern_US_MomentumDriven_4h_Pattern_06,0.76
GC=F_4h_batch_007,2025-07-21T07:22:59.341357,GC=F,4h,batch,UP,0.77,1.11,ReversalPattern_Asian_ExhaustionSignal_4h_Pattern_07,0.77
GC=F_4h_batch_008,2025-07-21T07:27:59.341360,GC=F,4h,batch,DOWN,0.78,1.2100000000000002,ContinuationPattern_European_TrendFollowing_4h_Pattern_08,0.78
GC=F_4h_batch_009,2025-07-21T07:32:59.341379,GC=F,4h,batch,NEUTRAL,0.7899999999999999,1.31,GapFill_US_LiquidityReturn_4h_Pattern_09,0.7899999999999999
GC=F_4h_batch_010,2025-07-21T07:37:59.341385,GC=F,4h,batch,UP,0.7999999999999999,1.41,FakeBreak_Asian_TrapPattern_4h_Pattern_10,0.7999999999999999
GC=F_4h_batch_011,2025-07-21T07:42:59.341387,GC=F,4h,batch,DOWN,0.8099999999999999,1.51,VolumeSpike_European_NewsReaction_4h_Pattern_11,0.8099999999999999
GC=F_4h_batch_012,2025-07-21T07:47:59.341390,GC=F,4h,batch,NEUTRAL,0.82,1.61,RangeExpansion_US_VolatilityBreakout_4h_Pattern_12,0.82
GC=F_4h_batch_013,2025-07-21T07:52:59.341395,GC=F,4h,batch,UP,0.83,1.7100000000000002,Consolidation_Asian_AccumulationPhase_4h_Pattern_13,0.83
GC=F_4h_batch_014,2025-07-21T07:57:59.341400,GC=F,4h,batch,DOWN,0.84,1.81,Impulse_European_DirectionalMove_4h_Pattern_14,0.84
GC=F_4h_batch_015,2025-07-21T08:02:59.341404,GC=F,4h,batch,NEUTRAL,0.85,1.9100000000000001,Correction_US_RetracementPattern_4h_Pattern_15,0.85
GC=F_4h_batch_016,2025-07-21T08:07:59.341407,GC=F,4h,batch,UP,0.86,2.01,HighVolume_Asian_LiquiditySweep_4h_Pattern_16,0.86
GC=F_4h_batch_017,2025-07-21T08:12:59.341411,GC=F,4h,batch,DOWN,0.87,2.11,LowVolume_European_TightRange_4h_Pattern_17,0.87
GC=F_4h_batch_018,2025-07-21T08:17:59.341416,GC=F,4h,batch,NEUTRAL,0.88,2.21,VolatileRange_US_FakeoutProne_4h_Pattern_18,0.88
GC=F_4h_batch_019,2025-07-21T08:22:59.341418,GC=F,4h,batch,UP,0.8899999999999999,2.3099999999999996,BalancedWicks_Asian_GreedDriven_4h_Pattern_19,0.8899999999999999
GC=F_4h_batch_020,2025-07-21T08:27:59.341421,GC=F,4h,batch,DOWN,0.8999999999999999,2.41,TightRange_European_FearDriven_4h_Pattern_20,0.8999999999999999
GC=F_1d_batch_001,2025-07-21T06:52:59.341433,GC=F,1d,batch,UP,0.8099999999999999,0.7,HighVolume_Asian_LiquiditySweep_1d_Pattern_01,0.8099999999999999
GC=F_1d_batch_002,2025-07-21T06:57:59.341436,GC=F,1d,batch,DOWN,0.82,0.8,LowVolume_European_TightRange_1d_Pattern_02,0.82
GC=F_1d_batch_003,2025-07-21T07:02:59.341485,GC=F,1d,batch,NEUTRAL,0.83,0.8999999999999999,VolatileRange_US_FakeoutProne_1d_Pattern_03,0.83
GC=F_1d_batch_004,2025-07-21T07:07:59.341488,GC=F,1d,batch,UP,0.84,1.0,BalancedWicks_Asian_GreedDriven_1d_Pattern_04,0.84
GC=F_1d_batch_005,2025-07-21T07:12:59.341493,GC=F,1d,batch,DOWN,0.85,1.1,TightRange_European_FearDriven_1d_Pattern_05,0.85
GC=F_1d_batch_006,2025-07-21T07:17:59.341499,GC=F,1d,batch,NEUTRAL,0.86,1.2,BreakoutPattern_US_MomentumDriven_1d_Pattern_06,0.86
GC=F_1d_batch_007,2025-07-21T07:22:59.341502,GC=F,1d,batch,UP,0.87,1.3,ReversalPattern_Asian_ExhaustionSignal_1d_Pattern_07,0.87
GC=F_1d_batch_008,2025-07-21T07:27:59.341505,GC=F,1d,batch,DOWN,0.88,1.4000000000000001,ContinuationPattern_European_TrendFollowing_1d_Pattern_08,0.88
GC=F_1d_batch_009,2025-07-21T07:32:59.341507,GC=F,1d,batch,NEUTRAL,0.8899999999999999,1.5,GapFill_US_LiquidityReturn_1d_Pattern_09,0.8899999999999999
GC=F_1d_batch_010,2025-07-21T07:37:59.341513,GC=F,1d,batch,UP,0.8999999999999999,1.5999999999999999,FakeBreak_Asian_TrapPattern_1d_Pattern_10,0.8999999999999999
GC=F_1d_batch_011,2025-07-21T07:42:59.341516,GC=F,1d,batch,DOWN,0.9099999999999999,1.7,VolumeSpike_European_NewsReaction_1d_Pattern_11,0.9099999999999999
GC=F_1d_batch_012,2025-07-21T07:47:59.341520,GC=F,1d,batch,NEUTRAL,0.9199999999999999,1.8,RangeExpansion_US_VolatilityBreakout_1d_Pattern_12,0.9199999999999999
GC=F_1d_batch_013,2025-07-21T07:52:59.341523,GC=F,1d,batch,UP,0.9299999999999999,1.9000000000000001,Consolidation_Asian_AccumulationPhase_1d_Pattern_13,0.9299999999999999
GC=F_1d_batch_014,2025-07-21T07:57:59.341526,GC=F,1d,batch,DOWN,0.94,2.0,Impulse_European_DirectionalMove_1d_Pattern_14,0.94
GC=F_1d_batch_015,2025-07-21T08:02:59.341532,GC=F,1d,batch,NEUTRAL,0.95,2.1,Correction_US_RetracementPattern_1d_Pattern_15,0.95
GC=F_1d_batch_016,2025-07-21T08:07:59.341535,GC=F,1d,batch,UP,0.96,2.2,HighVolume_Asian_LiquiditySweep_1d_Pattern_16,0.96
GC=F_1d_batch_017,2025-07-21T08:12:59.341537,GC=F,1d,batch,DOWN,0.97,2.3000000000000003,LowVolume_European_TightRange_1d_Pattern_17,0.97
GC=F_1d_batch_018,2025-07-21T08:17:59.341540,GC=F,1d,batch,NEUTRAL,0.98,2.4000000000000004,VolatileRange_US_FakeoutProne_1d_Pattern_18,0.98
GC=F_1d_batch_019,2025-07-21T08:22:59.341542,GC=F,1d,batch,UP,0.9899999999999999,2.5,HighVolume_Asian_LiquiditySweep_1d_Pattern_01,0.9899999999999999
GC=F_1d_batch_020,2025-07-21T08:27:59.341552,GC=F,1d,batch,DOWN,0.9999999999999999,2.6000000000000005,LowVolume_European_TightRange_1d_Pattern_02,0.9999999999999999
GC=F_1m_backtest_001,2025-07-21T06:52:59.341565,GC=F,1m,backtest,UP,0.77,0.51,HighVolume_Asian_LiquiditySweep_1m_Pattern_01,0.77
GC=F_1m_backtest_002,2025-07-21T06:57:59.341568,GC=F,1m,backtest,DOWN,0.78,0.61,LowVolume_European_TightRange_1m_Pattern_02,0.78
GC=F_1m_backtest_003,2025-07-21T07:02:59.341573,GC=F,1m,backtest,NEUTRAL,0.79,0.71,VolatileRange_US_FakeoutProne_1m_Pattern_03,0.79
GC=F_1m_backtest_004,2025-07-21T07:07:59.341577,GC=F,1m,backtest,UP,0.8,0.81,BalancedWicks_Asian_GreedDriven_1m_Pattern_04,0.8
GC=F_1m_backtest_005,2025-07-21T07:12:59.341582,GC=F,1m,backtest,DOWN,0.81,0.91,TightRange_European_FearDriven_1m_Pattern_05,0.81
GC=F_1m_backtest_006,2025-07-21T07:17:59.341585,GC=F,1m,backtest,NEUTRAL,0.8200000000000001,1.01,BreakoutPattern_US_MomentumDriven_1m_Pattern_06,0.8200000000000001
GC=F_1m_backtest_007,2025-07-21T07:22:59.341588,GC=F,1m,backtest,UP,0.8300000000000001,1.11,ReversalPattern_Asian_ExhaustionSignal_1m_Pattern_07,0.8300000000000001
GC=F_1m_backtest_008,2025-07-21T07:27:59.341590,GC=F,1m,backtest,DOWN,0.8400000000000001,1.2100000000000002,ContinuationPattern_European_TrendFollowing_1m_Pattern_08,0.8400000000000001
GC=F_1m_backtest_009,2025-07-21T07:32:59.341593,GC=F,1m,backtest,NEUTRAL,0.8499999999999999,1.31,GapFill_US_LiquidityReturn_1m_Pattern_09,0.8499999999999999
GC=F_1m_backtest_010,2025-07-21T07:37:59.341595,GC=F,1m,backtest,UP,0.8599999999999999,1.41,FakeBreak_Asian_TrapPattern_1m_Pattern_10,0.8599999999999999
GC=F_1m_backtest_011,2025-07-21T07:42:59.341599,GC=F,1m,backtest,DOWN,0.8699999999999999,1.51,VolumeSpike_European_NewsReaction_1m_Pattern_11,0.8699999999999999
GC=F_1m_backtest_012,2025-07-21T07:47:59.341602,GC=F,1m,backtest,NEUTRAL,0.8799999999999999,1.61,RangeExpansion_US_VolatilityBreakout_1m_Pattern_12,0.8799999999999999
GC=F_1m_backtest_013,2025-07-21T07:52:59.341606,GC=F,1m,backtest,UP,0.8899999999999999,1.7100000000000002,Consolidation_Asian_AccumulationPhase_1m_Pattern_13,0.8899999999999999
GC=F_1m_backtest_014,2025-07-21T07:57:59.341609,GC=F,1m,backtest,DOWN,0.8999999999999999,1.81,Impulse_European_DirectionalMove_1m_Pattern_14,0.8999999999999999
GC=F_1m_backtest_015,2025-07-21T08:02:59.341615,GC=F,1m,backtest,NEUTRAL,0.9099999999999999,1.9100000000000001,Correction_US_RetracementPattern_1m_Pattern_15,0.9099999999999999
GC=F_1m_backtest_016,2025-07-21T08:07:59.341617,GC=F,1m,backtest,UP,0.9199999999999999,2.01,HighVolume_Asian_LiquiditySweep_1m_Pattern_16,0.9199999999999999
GC=F_1m_backtest_017,2025-07-21T08:12:59.341620,GC=F,1m,backtest,DOWN,0.9299999999999999,2.11,LowVolume_European_TightRange_1m_Pattern_17,0.9299999999999999
GC=F_1m_backtest_018,2025-07-21T08:17:59.341623,GC=F,1m,backtest,NEUTRAL,0.94,2.21,VolatileRange_US_FakeoutProne_1m_Pattern_18,0.94
GC=F_1m_backtest_019,2025-07-21T08:22:59.341625,GC=F,1m,backtest,UP,0.95,2.3099999999999996,BalancedWicks_Asian_GreedDriven_1m_Pattern_19,0.95
GC=F_1m_backtest_020,2025-07-21T08:27:59.341629,GC=F,1m,backtest,DOWN,0.96,2.41,TightRange_European_FearDriven_1m_Pattern_20,0.96
GC=F_1m_backtest_021,2025-07-21T08:32:59.341634,GC=F,1m,backtest,NEUTRAL,0.97,2.51,BreakoutPattern_US_MomentumDriven_1m_Pattern_21,0.97
GC=F_1m_backtest_022,2025-07-21T08:37:59.341638,GC=F,1m,backtest,UP,0.98,2.61,ReversalPattern_Asian_ExhaustionSignal_1m_Pattern_22,0.98
GC=F_1m_backtest_023,2025-07-21T08:42:59.341642,GC=F,1m,backtest,DOWN,0.99,2.71,ContinuationPattern_European_TrendFollowing_1m_Pattern_23,0.99
GC=F_1m_backtest_024,2025-07-21T08:47:59.341645,GC=F,1m,backtest,NEUTRAL,1.0,2.81,GapFill_US_LiquidityReturn_1m_Pattern_24,1.0
GC=F_1m_backtest_025,2025-07-21T08:52:59.341649,GC=F,1m,backtest,UP,1.01,2.91,FakeBreak_Asian_TrapPattern_1m_Pattern_25,1.01
GC=F_1m_backtest_026,2025-07-21T08:57:59.341651,GC=F,1m,backtest,DOWN,1.02,3.01,VolumeSpike_European_NewsReaction_1m_Pattern_26,1.02
GC=F_1m_backtest_027,2025-07-21T09:02:59.341654,GC=F,1m,backtest,NEUTRAL,1.03,3.11,RangeExpansion_US_VolatilityBreakout_1m_Pattern_27,1.03
GC=F_1m_backtest_028,2025-07-21T09:07:59.341658,GC=F,1m,backtest,UP,1.04,3.21,Consolidation_Asian_AccumulationPhase_1m_Pattern_28,1.04
GC=F_1m_backtest_029,2025-07-21T09:12:59.341661,GC=F,1m,backtest,DOWN,1.05,3.31,Impulse_European_DirectionalMove_1m_Pattern_29,1.05
GC=F_1m_backtest_030,2025-07-21T09:17:59.341666,GC=F,1m,backtest,NEUTRAL,1.06,3.41,Correction_US_RetracementPattern_1m_Pattern_30,1.06
GC=F_1m_backtest_031,2025-07-21T09:22:59.341670,GC=F,1m,backtest,UP,1.07,3.51,HighVolume_Asian_LiquiditySweep_1m_Pattern_31,1.07
GC=F_1m_backtest_032,2025-07-21T09:27:59.341673,GC=F,1m,backtest,DOWN,1.08,3.61,LowVolume_European_TightRange_1m_Pattern_32,1.08
GC=F_1m_backtest_033,2025-07-21T09:32:59.341675,GC=F,1m,backtest,NEUTRAL,1.09,3.71,VolatileRange_US_FakeoutProne_1m_Pattern_33,1.09
GC=F_1m_backtest_034,2025-07-21T09:37:59.341678,GC=F,1m,backtest,UP,1.1,3.81,BalancedWicks_Asian_GreedDriven_1m_Pattern_34,1.1
GC=F_1m_backtest_035,2025-07-21T09:42:59.341683,GC=F,1m,backtest,DOWN,1.11,3.91,TightRange_European_FearDriven_1m_Pattern_35,1.11
GC=F_1m_backtest_036,2025-07-21T09:47:59.341686,GC=F,1m,backtest,NEUTRAL,1.12,4.01,BreakoutPattern_US_MomentumDriven_1m_Pattern_36,1.12
GC=F_1m_backtest_037,2025-07-21T09:52:59.341690,GC=F,1m,backtest,UP,1.1300000000000001,4.109999999999999,ReversalPattern_Asian_ExhaustionSignal_1m_Pattern_37,1.1300000000000001
GC=F_1m_backtest_038,2025-07-21T09:57:59.341693,GC=F,1m,backtest,DOWN,1.14,4.21,ContinuationPattern_European_TrendFollowing_1m_Pattern_38,1.14
GC=F_1m_backtest_039,2025-07-21T10:02:59.341696,GC=F,1m,backtest,NEUTRAL,1.1500000000000001,4.3100000000000005,GapFill_US_LiquidityReturn_1m_Pattern_39,1.1500000000000001
GC=F_1m_backtest_040,2025-07-21T10:07:59.341701,GC=F,1m,backtest,UP,1.16,4.41,FakeBreak_Asian_TrapPattern_1m_Pattern_40,1.16
GC=F_1m_backtest_041,2025-07-21T10:12:59.341705,GC=F,1m,backtest,DOWN,1.1700000000000002,4.51,VolumeSpike_European_NewsReaction_1m_Pattern_41,1.1700000000000002
GC=F_1m_backtest_042,2025-07-21T10:17:59.341710,GC=F,1m,backtest,NEUTRAL,1.18,4.61,RangeExpansion_US_VolatilityBreakout_1m_Pattern_42,1.18
GC=F_1m_backtest_043,2025-07-21T10:22:59.341713,GC=F,1m,backtest,UP,1.19,4.71,Consolidation_Asian_AccumulationPhase_1m_Pattern_43,1.19
GC=F_1m_backtest_044,2025-07-21T10:27:59.341715,GC=F,1m,backtest,DOWN,1.2,4.81,Impulse_European_DirectionalMove_1m_Pattern_44,1.2
GC=F_1m_backtest_045,2025-07-21T10:32:59.341720,GC=F,1m,backtest,NEUTRAL,1.21,4.91,Correction_US_RetracementPattern_1m_Pattern_45,1.21
GC=F_1m_backtest_046,2025-07-21T10:37:59.341722,GC=F,1m,backtest,UP,1.22,5.01,HighVolume_Asian_LiquiditySweep_1m_Pattern_01,1.22
GC=F_1m_backtest_047,2025-07-21T10:42:59.341725,GC=F,1m,backtest,DOWN,1.23,5.11,LowVolume_European_TightRange_1m_Pattern_02,1.23
GC=F_1m_backtest_048,2025-07-21T10:47:59.341728,GC=F,1m,backtest,NEUTRAL,1.24,5.21,VolatileRange_US_FakeoutProne_1m_Pattern_03,1.24
GC=F_1m_backtest_049,2025-07-21T10:52:59.341732,GC=F,1m,backtest,UP,1.25,5.3100000000000005,BalancedWicks_Asian_GreedDriven_1m_Pattern_04,1.25
GC=F_1m_backtest_050,2025-07-21T10:57:59.341738,GC=F,1m,backtest,DOWN,1.26,5.41,TightRange_European_FearDriven_1m_Pattern_05,1.26
GC=F_1m_backtest_051,2025-07-21T11:02:59.341742,GC=F,1m,backtest,NEUTRAL,1.27,5.51,BreakoutPattern_US_MomentumDriven_1m_Pattern_06,1.27
GC=F_1m_backtest_052,2025-07-21T11:07:59.341746,GC=F,1m,backtest,UP,1.28,5.61,ReversalPattern_Asian_ExhaustionSignal_1m_Pattern_07,1.28
GC=F_1m_backtest_053,2025-07-21T11:12:59.341751,GC=F,1m,backtest,DOWN,1.29,5.71,ContinuationPattern_European_TrendFollowing_1m_Pattern_08,1.29
GC=F_1m_backtest_054,2025-07-21T11:17:59.341757,GC=F,1m,backtest,NEUTRAL,1.3,5.8100000000000005,GapFill_US_LiquidityReturn_1m_Pattern_09,1.3
GC=F_1m_backtest_055,2025-07-21T11:22:59.341761,GC=F,1m,backtest,UP,1.31,5.91,FakeBreak_Asian_TrapPattern_1m_Pattern_10,1.31
GC=F_1m_backtest_056,2025-07-21T11:27:59.341765,GC=F,1m,backtest,DOWN,1.32,6.01,VolumeSpike_European_NewsReaction_1m_Pattern_11,1.32
GC=F_1m_backtest_057,2025-07-21T11:32:59.341768,GC=F,1m,backtest,NEUTRAL,1.33,6.11,RangeExpansion_US_VolatilityBreakout_1m_Pattern_12,1.33
GC=F_1m_backtest_058,2025-07-21T11:37:59.341776,GC=F,1m,backtest,UP,1.34,6.21,Consolidation_Asian_AccumulationPhase_1m_Pattern_13,1.34
GC=F_1m_backtest_059,2025-07-21T11:42:59.341780,GC=F,1m,backtest,DOWN,1.3499999999999999,6.3100000000000005,Impulse_European_DirectionalMove_1m_Pattern_14,1.3499999999999999
GC=F_1m_backtest_060,2025-07-21T11:47:59.341784,GC=F,1m,backtest,NEUTRAL,1.36,6.41,Correction_US_RetracementPattern_1m_Pattern_15,1.36
GC=F_1m_backtest_061,2025-07-21T11:52:59.341788,GC=F,1m,backtest,UP,1.3699999999999999,6.51,HighVolume_Asian_LiquiditySweep_1m_Pattern_16,1.3699999999999999
GC=F_1m_backtest_062,2025-07-21T11:57:59.341792,GC=F,1m,backtest,DOWN,1.3800000000000001,6.61,LowVolume_European_TightRange_1m_Pattern_17,1.3800000000000001
GC=F_1m_backtest_063,2025-07-21T12:02:59.341796,GC=F,1m,backtest,NEUTRAL,1.39,6.71,VolatileRange_US_FakeoutProne_1m_Pattern_18,1.39
GC=F_1m_backtest_064,2025-07-21T12:07:59.341800,GC=F,1m,backtest,UP,1.4000000000000001,6.8100000000000005,BalancedWicks_Asian_GreedDriven_1m_Pattern_19,1.4000000000000001
GC=F_1m_backtest_065,2025-07-21T12:12:59.341806,GC=F,1m,backtest,DOWN,1.41,6.91,TightRange_European_FearDriven_1m_Pattern_20,1.41
GC=F_1m_backtest_066,2025-07-21T12:17:59.341811,GC=F,1m,backtest,NEUTRAL,1.4200000000000002,7.01,BreakoutPattern_US_MomentumDriven_1m_Pattern_21,1.4200000000000002
GC=F_1m_backtest_067,2025-07-21T12:22:59.341815,GC=F,1m,backtest,UP,1.43,7.11,ReversalPattern_Asian_ExhaustionSignal_1m_Pattern_22,1.43
GC=F_1m_backtest_068,2025-07-21T12:27:59.341818,GC=F,1m,backtest,DOWN,1.4400000000000002,7.21,ContinuationPattern_European_TrendFollowing_1m_Pattern_23,1.4400000000000002
GC=F_1m_backtest_069,2025-07-21T12:32:59.341824,GC=F,1m,backtest,NEUTRAL,1.45,7.3100000000000005,GapFill_US_LiquidityReturn_1m_Pattern_24,1.45
GC=F_1m_backtest_070,2025-07-21T12:37:59.341828,GC=F,1m,backtest,UP,1.4600000000000002,7.41,FakeBreak_Asian_TrapPattern_1m_Pattern_25,1.4600000000000002
GC=F_1m_backtest_071,2025-07-21T12:42:59.341831,GC=F,1m,backtest,DOWN,1.47,7.51,VolumeSpike_European_NewsReaction_1m_Pattern_26,1.47
GC=F_1m_backtest_072,2025-07-21T12:47:59.341833,GC=F,1m,backtest,NEUTRAL,1.48,7.61,RangeExpansion_US_VolatilityBreakout_1m_Pattern_27,1.48
GC=F_1m_backtest_073,2025-07-21T12:52:59.341836,GC=F,1m,backtest,UP,1.49,7.71,Consolidation_Asian_AccumulationPhase_1m_Pattern_28,1.49
GC=F_1m_backtest_074,2025-07-21T12:57:59.341839,GC=F,1m,backtest,DOWN,1.5,7.8100000000000005,Impulse_European_DirectionalMove_1m_Pattern_29,1.5
GC=F_1m_backtest_075,2025-07-21T13:02:59.341844,GC=F,1m,backtest,NEUTRAL,1.51,7.91,Correction_US_RetracementPattern_1m_Pattern_30,1.51
GC=F_1m_backtest_076,2025-07-21T13:07:59.341846,GC=F,1m,backtest,UP,1.52,8.01,HighVolume_Asian_LiquiditySweep_1m_Pattern_31,1.52
GC=F_1m_backtest_077,2025-07-21T13:12:59.341850,GC=F,1m,backtest,DOWN,1.53,8.110000000000001,LowVolume_European_TightRange_1m_Pattern_32,1.53
GC=F_1m_backtest_078,2025-07-21T13:17:59.341853,GC=F,1m,backtest,NEUTRAL,1.54,8.209999999999999,VolatileRange_US_FakeoutProne_1m_Pattern_33,1.54
GC=F_1m_backtest_079,2025-07-21T13:22:59.341858,GC=F,1m,backtest,UP,1.55,8.31,BalancedWicks_Asian_GreedDriven_1m_Pattern_34,1.55
GC=F_1m_backtest_080,2025-07-21T13:27:59.341860,GC=F,1m,backtest,DOWN,1.56,8.41,TightRange_European_FearDriven_1m_Pattern_35,1.56
GC=F_1m_backtest_081,2025-07-21T13:32:59.341863,GC=F,1m,backtest,NEUTRAL,1.57,8.51,BreakoutPattern_US_MomentumDriven_1m_Pattern_36,1.57
GC=F_1m_backtest_082,2025-07-21T13:37:59.341866,GC=F,1m,backtest,UP,1.58,8.61,ReversalPattern_Asian_ExhaustionSignal_1m_Pattern_37,1.58
GC=F_1m_backtest_083,2025-07-21T13:42:59.341868,GC=F,1m,backtest,DOWN,1.59,8.71,ContinuationPattern_European_TrendFollowing_1m_Pattern_38,1.59
GC=F_1m_backtest_084,2025-07-21T13:47:59.341871,GC=F,1m,backtest,NEUTRAL,1.6,8.81,GapFill_US_LiquidityReturn_1m_Pattern_39,1.6
GC=F_1m_backtest_085,2025-07-21T13:52:59.341876,GC=F,1m,backtest,UP,1.61,8.91,FakeBreak_Asian_TrapPattern_1m_Pattern_40,1.61
GC=F_1m_backtest_086,2025-07-21T13:57:59.341881,GC=F,1m,backtest,DOWN,1.6199999999999999,9.01,VolumeSpike_European_NewsReaction_1m_Pattern_41,1.6199999999999999
GC=F_1m_backtest_087,2025-07-21T14:02:59.341883,GC=F,1m,backtest,NEUTRAL,1.6300000000000001,9.11,RangeExpansion_US_VolatilityBreakout_1m_Pattern_42,1.6300000000000001
GC=F_1m_backtest_088,2025-07-21T14:07:59.341886,GC=F,1m,backtest,UP,1.64,9.21,Consolidation_Asian_AccumulationPhase_1m_Pattern_43,1.64
GC=F_1m_backtest_089,2025-07-21T14:12:59.341891,GC=F,1m,backtest,DOWN,1.6500000000000001,9.31,Impulse_European_DirectionalMove_1m_Pattern_44,1.6500000000000001
GC=F_1m_backtest_090,2025-07-21T14:17:59.341893,GC=F,1m,backtest,NEUTRAL,1.66,9.41,Correction_US_RetracementPattern_1m_Pattern_45,1.66
GC=F_1m_backtest_091,2025-07-21T14:22:59.341896,GC=F,1m,backtest,UP,1.6700000000000002,9.51,HighVolume_Asian_LiquiditySweep_1m_Pattern_01,1.6700000000000002
GC=F_1m_backtest_092,2025-07-21T14:27:59.341900,GC=F,1m,backtest,DOWN,1.68,9.61,LowVolume_European_TightRange_1m_Pattern_02,1.68
GC=F_1m_backtest_093,2025-07-21T14:32:59.341902,GC=F,1m,backtest,NEUTRAL,1.6900000000000002,9.71,VolatileRange_US_FakeoutProne_1m_Pattern_03,1.6900000000000002
GC=F_1m_backtest_094,2025-07-21T14:37:59.341905,GC=F,1m,backtest,UP,1.7,9.81,BalancedWicks_Asian_GreedDriven_1m_Pattern_04,1.7
GC=F_1m_backtest_095,2025-07-21T14:42:59.341911,GC=F,1m,backtest,DOWN,1.7100000000000002,9.91,TightRange_European_FearDriven_1m_Pattern_05,1.7100000000000002
GC=F_1m_backtest_096,2025-07-21T14:47:59.341913,GC=F,1m,backtest,NEUTRAL,1.72,10.01,BreakoutPattern_US_MomentumDriven_1m_Pattern_06,1.72
GC=F_1m_backtest_097,2025-07-21T14:52:59.341916,GC=F,1m,backtest,UP,1.73,10.110000000000001,ReversalPattern_Asian_ExhaustionSignal_1m_Pattern_07,1.73
GC=F_1m_backtest_098,2025-07-21T14:57:59.341919,GC=F,1m,backtest,DOWN,1.74,10.21,ContinuationPattern_European_TrendFollowing_1m_Pattern_08,1.74
GC=F_1m_backtest_099,2025-07-21T15:02:59.341922,GC=F,1m,backtest,NEUTRAL,1.75,10.31,GapFill_US_LiquidityReturn_1m_Pattern_09,1.75
GC=F_1m_backtest_100,2025-07-21T15:07:59.341924,GC=F,1m,backtest,UP,1.76,10.41,FakeBreak_Asian_TrapPattern_1m_Pattern_10,1.76
GC=F_5m_backtest_001,2025-07-21T06:52:59.341948,GC=F,5m,backtest,UP,0.83,0.67,HighVolume_Asian_LiquiditySweep_5m_Pattern_01,0.83
GC=F_5m_backtest_002,2025-07-21T06:57:59.341951,GC=F,5m,backtest,DOWN,0.84,0.77,LowVolume_European_TightRange_5m_Pattern_02,0.84
GC=F_5m_backtest_003,2025-07-21T07:02:59.341954,GC=F,5m,backtest,NEUTRAL,0.85,0.87,VolatileRange_US_FakeoutProne_5m_Pattern_03,0.85
GC=F_5m_backtest_004,2025-07-21T07:07:59.341961,GC=F,5m,backtest,UP,0.86,0.9700000000000001,BalancedWicks_Asian_GreedDriven_5m_Pattern_04,0.86
GC=F_5m_backtest_005,2025-07-21T07:12:59.341966,GC=F,5m,backtest,DOWN,0.87,1.07,TightRange_European_FearDriven_5m_Pattern_05,0.87
GC=F_5m_backtest_006,2025-07-21T07:17:59.341968,GC=F,5m,backtest,NEUTRAL,0.88,1.17,BreakoutPattern_US_MomentumDriven_5m_Pattern_06,0.88
GC=F_5m_backtest_007,2025-07-21T07:22:59.341973,GC=F,5m,backtest,UP,0.89,1.27,ReversalPattern_Asian_ExhaustionSignal_5m_Pattern_07,0.89
GC=F_5m_backtest_008,2025-07-21T07:27:59.341975,GC=F,5m,backtest,DOWN,0.9,1.37,ContinuationPattern_European_TrendFollowing_5m_Pattern_08,0.9
GC=F_5m_backtest_009,2025-07-21T07:32:59.341978,GC=F,5m,backtest,NEUTRAL,0.9099999999999999,1.47,GapFill_US_LiquidityReturn_5m_Pattern_09,0.9099999999999999
GC=F_5m_backtest_010,2025-07-21T07:37:59.341981,GC=F,5m,backtest,UP,0.9199999999999999,1.5699999999999998,FakeBreak_Asian_TrapPattern_5m_Pattern_10,0.9199999999999999
GC=F_5m_backtest_011,2025-07-21T07:42:59.341983,GC=F,5m,backtest,DOWN,0.9299999999999999,1.67,VolumeSpike_European_NewsReaction_5m_Pattern_11,0.9299999999999999
GC=F_5m_backtest_012,2025-07-21T07:47:59.341986,GC=F,5m,backtest,NEUTRAL,0.94,1.77,RangeExpansion_US_VolatilityBreakout_5m_Pattern_12,0.94
GC=F_5m_backtest_013,2025-07-21T07:52:59.341990,GC=F,5m,backtest,UP,0.95,1.87,Consolidation_Asian_AccumulationPhase_5m_Pattern_13,0.95
GC=F_5m_backtest_014,2025-07-21T07:57:59.341993,GC=F,5m,backtest,DOWN,0.96,1.97,Impulse_European_DirectionalMove_5m_Pattern_14,0.96
GC=F_5m_backtest_015,2025-07-21T08:02:59.341997,GC=F,5m,backtest,NEUTRAL,0.97,2.0700000000000003,Correction_US_RetracementPattern_5m_Pattern_15,0.97
GC=F_5m_backtest_016,2025-07-21T08:07:59.342006,GC=F,5m,backtest,UP,0.98,2.17,HighVolume_Asian_LiquiditySweep_5m_Pattern_16,0.98
GC=F_5m_backtest_017,2025-07-21T08:12:59.342011,GC=F,5m,backtest,DOWN,0.99,2.27,LowVolume_European_TightRange_5m_Pattern_17,0.99
GC=F_5m_backtest_018,2025-07-21T08:17:59.342014,GC=F,5m,backtest,NEUTRAL,1.0,2.37,VolatileRange_US_FakeoutProne_5m_Pattern_18,1.0
GC=F_5m_backtest_019,2025-07-21T08:22:59.342016,GC=F,5m,backtest,UP,1.0099999999999998,2.4699999999999998,BalancedWicks_Asian_GreedDriven_5m_Pattern_19,1.0099999999999998
GC=F_5m_backtest_020,2025-07-21T08:27:59.342020,GC=F,5m,backtest,DOWN,1.02,2.5700000000000003,TightRange_European_FearDriven_5m_Pattern_20,1.02
GC=F_5m_backtest_021,2025-07-21T08:32:59.342023,GC=F,5m,backtest,NEUTRAL,1.0299999999999998,2.67,BreakoutPattern_US_MomentumDriven_5m_Pattern_21,1.0299999999999998
GC=F_5m_backtest_022,2025-07-21T08:37:59.342028,GC=F,5m,backtest,UP,1.04,2.77,ReversalPattern_Asian_ExhaustionSignal_5m_Pattern_22,1.04
GC=F_5m_backtest_023,2025-07-21T08:42:59.342031,GC=F,5m,backtest,DOWN,1.0499999999999998,2.87,ContinuationPattern_European_TrendFollowing_5m_Pattern_23,1.0499999999999998
GC=F_5m_backtest_024,2025-07-21T08:47:59.342033,GC=F,5m,backtest,NEUTRAL,1.06,2.97,GapFill_US_LiquidityReturn_5m_Pattern_24,1.06
GC=F_5m_backtest_025,2025-07-21T08:52:59.342038,GC=F,5m,backtest,UP,1.0699999999999998,3.0700000000000003,FakeBreak_Asian_TrapPattern_5m_Pattern_25,1.0699999999999998
GC=F_5m_backtest_026,2025-07-21T08:57:59.342041,GC=F,5m,backtest,DOWN,1.08,3.17,VolumeSpike_European_NewsReaction_5m_Pattern_26,1.08
GC=F_5m_backtest_027,2025-07-21T09:02:59.342046,GC=F,5m,backtest,NEUTRAL,1.0899999999999999,3.27,RangeExpansion_US_VolatilityBreakout_5m_Pattern_27,1.0899999999999999
GC=F_5m_backtest_028,2025-07-21T09:07:59.342049,GC=F,5m,backtest,UP,1.1,3.37,Consolidation_Asian_AccumulationPhase_5m_Pattern_28,1.1
GC=F_5m_backtest_029,2025-07-21T09:12:59.342051,GC=F,5m,backtest,DOWN,1.1099999999999999,3.47,Impulse_European_DirectionalMove_5m_Pattern_29,1.1099999999999999
GC=F_5m_backtest_030,2025-07-21T09:17:59.342056,GC=F,5m,backtest,NEUTRAL,1.12,3.5700000000000003,Correction_US_RetracementPattern_5m_Pattern_30,1.12
GC=F_5m_backtest_031,2025-07-21T09:22:59.342062,GC=F,5m,backtest,UP,1.13,3.67,HighVolume_Asian_LiquiditySweep_5m_Pattern_31,1.13
GC=F_5m_backtest_032,2025-07-21T09:27:59.342067,GC=F,5m,backtest,DOWN,1.1400000000000001,3.77,LowVolume_European_TightRange_5m_Pattern_32,1.1400000000000001
GC=F_5m_backtest_033,2025-07-21T09:32:59.342070,GC=F,5m,backtest,NEUTRAL,1.15,3.87,VolatileRange_US_FakeoutProne_5m_Pattern_33,1.15
GC=F_5m_backtest_034,2025-07-21T09:37:59.342072,GC=F,5m,backtest,UP,1.1600000000000001,3.97,BalancedWicks_Asian_GreedDriven_5m_Pattern_34,1.1600000000000001
GC=F_5m_backtest_035,2025-07-21T09:42:59.342077,GC=F,5m,backtest,DOWN,1.17,4.07,TightRange_European_FearDriven_5m_Pattern_35,1.17
GC=F_5m_backtest_036,2025-07-21T09:47:59.342079,GC=F,5m,backtest,NEUTRAL,1.1800000000000002,4.17,BreakoutPattern_US_MomentumDriven_5m_Pattern_36,1.1800000000000002
GC=F_5m_backtest_037,2025-07-21T09:52:59.342082,GC=F,5m,backtest,UP,1.19,4.27,ReversalPattern_Asian_ExhaustionSignal_5m_Pattern_37,1.19
GC=F_5m_backtest_038,2025-07-21T09:57:59.342086,GC=F,5m,backtest,DOWN,1.1999999999999997,4.37,ContinuationPattern_European_TrendFollowing_5m_Pattern_38,1.1999999999999997
GC=F_5m_backtest_039,2025-07-21T10:02:59.342088,GC=F,5m,backtest,NEUTRAL,1.21,4.470000000000001,HighVolume_Asian_LiquiditySweep_5m_Pattern_01,1.21
GC=F_5m_backtest_040,2025-07-21T10:07:59.342093,GC=F,5m,backtest,UP,1.2199999999999998,4.57,LowVolume_European_TightRange_5m_Pattern_02,1.2199999999999998
GC=F_5m_backtest_041,2025-07-21T10:12:59.342095,GC=F,5m,backtest,DOWN,1.23,4.67,VolatileRange_US_FakeoutProne_5m_Pattern_03,1.23
GC=F_5m_backtest_042,2025-07-21T10:17:59.342101,GC=F,5m,backtest,NEUTRAL,1.2399999999999998,4.7700000000000005,BalancedWicks_Asian_GreedDriven_5m_Pattern_04,1.2399999999999998
GC=F_5m_backtest_043,2025-07-21T10:22:59.342104,GC=F,5m,backtest,UP,1.25,4.87,TightRange_European_FearDriven_5m_Pattern_05,1.25
GC=F_5m_backtest_044,2025-07-21T10:27:59.342107,GC=F,5m,backtest,DOWN,1.2599999999999998,4.97,BreakoutPattern_US_MomentumDriven_5m_Pattern_06,1.2599999999999998
GC=F_5m_backtest_045,2025-07-21T10:32:59.342125,GC=F,5m,backtest,NEUTRAL,1.27,5.07,ReversalPattern_Asian_ExhaustionSignal_5m_Pattern_07,1.27
GC=F_5m_backtest_046,2025-07-21T10:37:59.342130,GC=F,5m,backtest,UP,1.2799999999999998,5.17,ContinuationPattern_European_TrendFollowing_5m_Pattern_08,1.2799999999999998
GC=F_5m_backtest_047,2025-07-21T10:42:59.342133,GC=F,5m,backtest,DOWN,1.29,5.2700000000000005,GapFill_US_LiquidityReturn_5m_Pattern_09,1.29
GC=F_5m_backtest_048,2025-07-21T10:47:59.342137,GC=F,5m,backtest,NEUTRAL,1.2999999999999998,5.37,FakeBreak_Asian_TrapPattern_5m_Pattern_10,1.2999999999999998
GC=F_5m_backtest_049,2025-07-21T10:52:59.342141,GC=F,5m,backtest,UP,1.31,5.470000000000001,VolumeSpike_European_NewsReaction_5m_Pattern_11,1.31
GC=F_5m_backtest_050,2025-07-21T10:57:59.342143,GC=F,5m,backtest,DOWN,1.3199999999999998,5.57,RangeExpansion_US_VolatilityBreakout_5m_Pattern_12,1.3199999999999998
GC=F_5m_backtest_051,2025-07-21T11:02:59.342146,GC=F,5m,backtest,NEUTRAL,1.33,5.67,Consolidation_Asian_AccumulationPhase_5m_Pattern_13,1.33
GC=F_5m_backtest_052,2025-07-21T11:07:59.342149,GC=F,5m,backtest,UP,1.3399999999999999,5.7700000000000005,Impulse_European_DirectionalMove_5m_Pattern_14,1.3399999999999999
GC=F_5m_backtest_053,2025-07-21T11:12:59.342152,GC=F,5m,backtest,DOWN,1.35,5.87,Correction_US_RetracementPattern_5m_Pattern_15,1.35
GC=F_5m_backtest_054,2025-07-21T11:17:59.342155,GC=F,5m,backtest,NEUTRAL,1.3599999999999999,5.970000000000001,HighVolume_Asian_LiquiditySweep_5m_Pattern_16,1.3599999999999999
GC=F_5m_backtest_055,2025-07-21T11:22:59.342159,GC=F,5m,backtest,UP,1.37,6.07,LowVolume_European_TightRange_5m_Pattern_17,1.37
GC=F_5m_backtest_056,2025-07-21T11:27:59.342161,GC=F,5m,backtest,DOWN,1.38,6.17,VolatileRange_US_FakeoutProne_5m_Pattern_18,1.38
GC=F_5m_backtest_057,2025-07-21T11:32:59.342164,GC=F,5m,backtest,NEUTRAL,1.3900000000000001,6.2700000000000005,BalancedWicks_Asian_GreedDriven_5m_Pattern_19,1.3900000000000001
GC=F_5m_backtest_058,2025-07-21T11:37:59.342171,GC=F,5m,backtest,UP,1.4,6.37,TightRange_European_FearDriven_5m_Pattern_20,1.4
GC=F_5m_backtest_059,2025-07-21T11:42:59.342175,GC=F,5m,backtest,DOWN,1.4099999999999997,6.470000000000001,BreakoutPattern_US_MomentumDriven_5m_Pattern_21,1.4099999999999997
GC=F_5m_backtest_060,2025-07-21T11:47:59.342177,GC=F,5m,backtest,NEUTRAL,1.42,6.57,ReversalPattern_Asian_ExhaustionSignal_5m_Pattern_22,1.42
GC=F_5m_backtest_061,2025-07-21T11:52:59.342180,GC=F,5m,backtest,UP,1.4299999999999997,6.67,ContinuationPattern_European_TrendFollowing_5m_Pattern_23,1.4299999999999997
GC=F_5m_backtest_062,2025-07-21T11:57:59.342182,GC=F,5m,backtest,DOWN,1.44,6.7700000000000005,GapFill_US_LiquidityReturn_5m_Pattern_24,1.44
GC=F_5m_backtest_063,2025-07-21T12:02:59.342185,GC=F,5m,backtest,NEUTRAL,1.4499999999999997,6.87,FakeBreak_Asian_TrapPattern_5m_Pattern_25,1.4499999999999997
GC=F_5m_backtest_064,2025-07-21T12:07:59.342189,GC=F,5m,backtest,UP,1.46,6.970000000000001,VolumeSpike_European_NewsReaction_5m_Pattern_26,1.46
GC=F_5m_backtest_065,2025-07-21T12:12:59.342194,GC=F,5m,backtest,DOWN,1.4699999999999998,7.07,RangeExpansion_US_VolatilityBreakout_5m_Pattern_27,1.4699999999999998
GC=F_5m_backtest_066,2025-07-21T12:17:59.342201,GC=F,5m,backtest,NEUTRAL,1.48,7.17,Consolidation_Asian_AccumulationPhase_5m_Pattern_28,1.48
GC=F_5m_backtest_067,2025-07-21T12:22:59.342204,GC=F,5m,backtest,UP,1.4899999999999998,7.2700000000000005,Impulse_European_DirectionalMove_5m_Pattern_29,1.4899999999999998
GC=F_5m_backtest_068,2025-07-21T12:27:59.342210,GC=F,5m,backtest,DOWN,1.5,7.37,Correction_US_RetracementPattern_5m_Pattern_30,1.5
GC=F_5m_backtest_069,2025-07-21T12:32:59.342213,GC=F,5m,backtest,NEUTRAL,1.5099999999999998,7.470000000000001,HighVolume_Asian_LiquiditySweep_5m_Pattern_31,1.5099999999999998
GC=F_5m_backtest_070,2025-07-21T12:37:59.342215,GC=F,5m,backtest,UP,1.52,7.57,LowVolume_European_TightRange_5m_Pattern_32,1.52
GC=F_5m_backtest_071,2025-07-21T12:42:59.342220,GC=F,5m,backtest,DOWN,1.5299999999999998,7.67,VolatileRange_US_FakeoutProne_5m_Pattern_33,1.5299999999999998
GC=F_5m_backtest_072,2025-07-21T12:47:59.342222,GC=F,5m,backtest,NEUTRAL,1.54,7.7700000000000005,BalancedWicks_Asian_GreedDriven_5m_Pattern_34,1.54
GC=F_5m_backtest_073,2025-07-21T12:52:59.342225,GC=F,5m,backtest,UP,1.5499999999999998,7.87,TightRange_European_FearDriven_5m_Pattern_35,1.5499999999999998
GC=F_5m_backtest_074,2025-07-21T12:57:59.342227,GC=F,5m,backtest,DOWN,1.56,7.970000000000001,BreakoutPattern_US_MomentumDriven_5m_Pattern_36,1.56
GC=F_5m_backtest_075,2025-07-21T13:02:59.342232,GC=F,5m,backtest,NEUTRAL,1.5699999999999998,8.07,ReversalPattern_Asian_ExhaustionSignal_5m_Pattern_37,1.5699999999999998
GC=F_5m_backtest_076,2025-07-21T13:07:59.342235,GC=F,5m,backtest,UP,1.58,8.17,ContinuationPattern_European_TrendFollowing_5m_Pattern_38,1.58
GC=F_5m_backtest_077,2025-07-21T13:12:59.342239,GC=F,5m,backtest,DOWN,1.5899999999999999,8.270000000000001,HighVolume_Asian_LiquiditySweep_5m_Pattern_01,1.5899999999999999
GC=F_5m_backtest_078,2025-07-21T13:17:59.342242,GC=F,5m,backtest,NEUTRAL,1.6,8.37,LowVolume_European_TightRange_5m_Pattern_02,1.6
GC=F_5m_backtest_079,2025-07-21T13:22:59.342244,GC=F,5m,backtest,UP,1.6099999999999999,8.47,VolatileRange_US_FakeoutProne_5m_Pattern_03,1.6099999999999999
GC=F_5m_backtest_080,2025-07-21T13:27:59.342248,GC=F,5m,backtest,DOWN,1.62,8.57,BalancedWicks_Asian_GreedDriven_5m_Pattern_04,1.62
GC=F_5m_backtest_081,2025-07-21T13:32:59.342253,GC=F,5m,backtest,NEUTRAL,1.63,8.67,TightRange_European_FearDriven_5m_Pattern_05,1.63
GC=F_5m_backtest_082,2025-07-21T13:37:59.342255,GC=F,5m,backtest,UP,1.6400000000000001,8.77,BreakoutPattern_US_MomentumDriven_5m_Pattern_06,1.6400000000000001
GC=F_5m_backtest_083,2025-07-21T13:42:59.342258,GC=F,5m,backtest,DOWN,1.65,8.870000000000001,ReversalPattern_Asian_ExhaustionSignal_5m_Pattern_07,1.65
GC=F_5m_backtest_084,2025-07-21T13:47:59.342260,GC=F,5m,backtest,NEUTRAL,1.6600000000000001,8.97,ContinuationPattern_European_TrendFollowing_5m_Pattern_08,1.6600000000000001
GC=F_5m_backtest_085,2025-07-21T13:52:59.342266,GC=F,5m,backtest,UP,1.67,9.07,GapFill_US_LiquidityReturn_5m_Pattern_09,1.67
GC=F_5m_backtest_086,2025-07-21T13:57:59.342270,GC=F,5m,backtest,DOWN,1.6799999999999997,9.17,FakeBreak_Asian_TrapPattern_5m_Pattern_10,1.6799999999999997
GC=F_5m_backtest_087,2025-07-21T14:02:59.342273,GC=F,5m,backtest,NEUTRAL,1.69,9.27,VolumeSpike_European_NewsReaction_5m_Pattern_11,1.69
GC=F_5m_backtest_088,2025-07-21T14:07:59.342276,GC=F,5m,backtest,UP,1.6999999999999997,9.370000000000001,RangeExpansion_US_VolatilityBreakout_5m_Pattern_12,1.6999999999999997
GC=F_5m_backtest_089,2025-07-21T14:12:59.342278,GC=F,5m,backtest,DOWN,1.71,9.47,Consolidation_Asian_AccumulationPhase_5m_Pattern_13,1.71
GC=F_5m_backtest_090,2025-07-21T14:17:59.342281,GC=F,5m,backtest,NEUTRAL,1.7199999999999998,9.57,Impulse_European_DirectionalMove_5m_Pattern_14,1.7199999999999998
GC=F_5m_backtest_091,2025-07-21T14:22:59.342283,GC=F,5m,backtest,UP,1.73,9.67,Correction_US_RetracementPattern_5m_Pattern_15,1.73
GC=F_5m_backtest_092,2025-07-21T14:27:59.342286,GC=F,5m,backtest,DOWN,1.7399999999999998,9.77,HighVolume_Asian_LiquiditySweep_5m_Pattern_16,1.7399999999999998
GC=F_5m_backtest_093,2025-07-21T14:32:59.342293,GC=F,5m,backtest,NEUTRAL,1.75,9.870000000000001,LowVolume_European_TightRange_5m_Pattern_17,1.75
GC=F_5m_backtest_094,2025-07-21T14:37:59.342297,GC=F,5m,backtest,UP,1.7599999999999998,9.97,VolatileRange_US_FakeoutProne_5m_Pattern_18,1.7599999999999998
GC=F_5m_backtest_095,2025-07-21T14:42:59.342302,GC=F,5m,backtest,DOWN,1.77,10.07,BalancedWicks_Asian_GreedDriven_5m_Pattern_19,1.77
GC=F_5m_backtest_096,2025-07-21T14:47:59.342306,GC=F,5m,backtest,NEUTRAL,1.7799999999999998,10.17,TightRange_European_FearDriven_5m_Pattern_20,1.7799999999999998
GC=F_5m_backtest_097,2025-07-21T14:52:59.342309,GC=F,5m,backtest,UP,1.79,10.270000000000001,BreakoutPattern_US_MomentumDriven_5m_Pattern_21,1.79
GC=F_5m_backtest_098,2025-07-21T14:57:59.342311,GC=F,5m,backtest,DOWN,1.7999999999999998,10.370000000000001,ReversalPattern_Asian_ExhaustionSignal_5m_Pattern_22,1.7999999999999998
GC=F_5m_backtest_099,2025-07-21T15:02:59.342314,GC=F,5m,backtest,NEUTRAL,1.81,10.47,ContinuationPattern_European_TrendFollowing_5m_Pattern_23,1.81
GC=F_5m_backtest_100,2025-07-21T15:07:59.342316,GC=F,5m,backtest,UP,1.8199999999999998,10.57,GapFill_US_LiquidityReturn_5m_Pattern_24,1.8199999999999998
GC=F_15m_backtest_001,2025-07-21T06:52:59.342338,GC=F,15m,backtest,UP,0.7999999999999999,0.69,HighVolume_Asian_LiquiditySweep_15m_Pattern_01,0.7999999999999999
GC=F_15m_backtest_002,2025-07-21T06:57:59.342342,GC=F,15m,backtest,DOWN,0.8099999999999999,0.79,LowVolume_European_TightRange_15m_Pattern_02,0.8099999999999999
GC=F_15m_backtest_003,2025-07-21T07:02:59.342344,GC=F,15m,backtest,NEUTRAL,0.82,0.8899999999999999,VolatileRange_US_FakeoutProne_15m_Pattern_03,0.82
GC=F_15m_backtest_004,2025-07-21T07:07:59.342351,GC=F,15m,backtest,UP,0.83,0.99,BalancedWicks_Asian_GreedDriven_15m_Pattern_04,0.83
GC=F_15m_backtest_005,2025-07-21T07:12:59.342356,GC=F,15m,backtest,DOWN,0.84,1.09,TightRange_European_FearDriven_15m_Pattern_05,0.84
GC=F_15m_backtest_006,2025-07-21T07:17:59.342361,GC=F,15m,backtest,NEUTRAL,0.85,1.19,BreakoutPattern_US_MomentumDriven_15m_Pattern_06,0.85
GC=F_15m_backtest_007,2025-07-21T07:22:59.342363,GC=F,15m,backtest,UP,0.86,1.29,ReversalPattern_Asian_ExhaustionSignal_15m_Pattern_07,0.86
GC=F_15m_backtest_008,2025-07-21T07:27:59.342366,GC=F,15m,backtest,DOWN,0.87,1.3900000000000001,ContinuationPattern_European_TrendFollowing_15m_Pattern_08,0.87
GC=F_15m_backtest_009,2025-07-21T07:32:59.342369,GC=F,15m,backtest,NEUTRAL,0.8799999999999999,1.49,GapFill_US_LiquidityReturn_15m_Pattern_09,0.8799999999999999
GC=F_15m_backtest_010,2025-07-21T07:37:59.342371,GC=F,15m,backtest,UP,0.8899999999999999,1.5899999999999999,FakeBreak_Asian_TrapPattern_15m_Pattern_10,0.8899999999999999
GC=F_15m_backtest_011,2025-07-21T07:42:59.342375,GC=F,15m,backtest,DOWN,0.8999999999999999,1.69,VolumeSpike_European_NewsReaction_15m_Pattern_11,0.8999999999999999
GC=F_15m_backtest_012,2025-07-21T07:47:59.342380,GC=F,15m,backtest,NEUTRAL,0.9099999999999999,1.79,RangeExpansion_US_VolatilityBreakout_15m_Pattern_12,0.9099999999999999
GC=F_15m_backtest_013,2025-07-21T07:52:59.342385,GC=F,15m,backtest,UP,0.9199999999999999,1.8900000000000001,Consolidation_Asian_AccumulationPhase_15m_Pattern_13,0.9199999999999999
GC=F_15m_backtest_014,2025-07-21T07:57:59.342389,GC=F,15m,backtest,DOWN,0.9299999999999999,1.99,Impulse_European_DirectionalMove_15m_Pattern_14,0.9299999999999999
GC=F_15m_backtest_015,2025-07-21T08:02:59.342395,GC=F,15m,backtest,NEUTRAL,0.94,2.0900000000000003,Correction_US_RetracementPattern_15m_Pattern_15,0.94
GC=F_15m_backtest_016,2025-07-21T08:07:59.342399,GC=F,15m,backtest,UP,0.95,2.19,HighVolume_Asian_LiquiditySweep_15m_Pattern_16,0.95
GC=F_15m_backtest_017,2025-07-21T08:12:59.342403,GC=F,15m,backtest,DOWN,0.96,2.29,LowVolume_European_TightRange_15m_Pattern_17,0.96
GC=F_15m_backtest_018,2025-07-21T08:17:59.342410,GC=F,15m,backtest,NEUTRAL,0.97,2.39,VolatileRange_US_FakeoutProne_15m_Pattern_18,0.97
GC=F_15m_backtest_019,2025-07-21T08:22:59.342413,GC=F,15m,backtest,UP,0.9799999999999999,2.4899999999999998,BalancedWicks_Asian_GreedDriven_15m_Pattern_19,0.9799999999999999
GC=F_15m_backtest_020,2025-07-21T08:27:59.342416,GC=F,15m,backtest,DOWN,0.9899999999999999,2.5900000000000003,TightRange_European_FearDriven_15m_Pattern_20,0.9899999999999999
GC=F_15m_backtest_021,2025-07-21T08:32:59.342418,GC=F,15m,backtest,NEUTRAL,0.9999999999999999,2.69,BreakoutPattern_US_MomentumDriven_15m_Pattern_21,0.9999999999999999
GC=F_15m_backtest_022,2025-07-21T08:37:59.342425,GC=F,15m,backtest,UP,1.01,2.79,ReversalPattern_Asian_ExhaustionSignal_15m_Pattern_22,1.01
GC=F_15m_backtest_023,2025-07-21T08:42:59.342429,GC=F,15m,backtest,DOWN,1.02,2.89,ContinuationPattern_European_TrendFollowing_15m_Pattern_23,1.02
GC=F_15m_backtest_024,2025-07-21T08:47:59.342432,GC=F,15m,backtest,NEUTRAL,1.03,2.99,GapFill_US_LiquidityReturn_15m_Pattern_24,1.03
GC=F_15m_backtest_025,2025-07-21T08:52:59.342436,GC=F,15m,backtest,UP,1.04,3.0900000000000003,FakeBreak_Asian_TrapPattern_15m_Pattern_25,1.04
GC=F_15m_backtest_026,2025-07-21T08:57:59.342439,GC=F,15m,backtest,DOWN,1.05,3.19,VolumeSpike_European_NewsReaction_15m_Pattern_26,1.05
GC=F_15m_backtest_027,2025-07-21T09:02:59.342441,GC=F,15m,backtest,NEUTRAL,1.06,3.29,RangeExpansion_US_VolatilityBreakout_15m_Pattern_27,1.06
GC=F_15m_backtest_028,2025-07-21T09:07:59.342445,GC=F,15m,backtest,UP,1.07,3.39,Consolidation_Asian_AccumulationPhase_15m_Pattern_28,1.07
GC=F_15m_backtest_029,2025-07-21T09:12:59.342448,GC=F,15m,backtest,DOWN,1.08,3.49,Impulse_European_DirectionalMove_15m_Pattern_29,1.08
GC=F_15m_backtest_030,2025-07-21T09:17:59.342450,GC=F,15m,backtest,NEUTRAL,1.09,3.5900000000000003,Correction_US_RetracementPattern_15m_Pattern_30,1.09
GC=F_15m_backtest_031,2025-07-21T09:22:59.342456,GC=F,15m,backtest,UP,1.1,3.69,HighVolume_Asian_LiquiditySweep_15m_Pattern_31,1.1
GC=F_15m_backtest_032,2025-07-21T09:27:59.342458,GC=F,15m,backtest,DOWN,1.11,3.79,LowVolume_European_TightRange_15m_Pattern_32,1.11
GC=F_15m_backtest_033,2025-07-21T09:32:59.342461,GC=F,15m,backtest,NEUTRAL,1.12,3.89,HighVolume_Asian_LiquiditySweep_15m_Pattern_01,1.12
GC=F_15m_backtest_034,2025-07-21T09:37:59.342463,GC=F,15m,backtest,UP,1.1300000000000001,3.99,LowVolume_European_TightRange_15m_Pattern_02,1.1300000000000001
GC=F_15m_backtest_035,2025-07-21T09:42:59.342467,GC=F,15m,backtest,DOWN,1.1400000000000001,4.090000000000001,VolatileRange_US_FakeoutProne_15m_Pattern_03,1.1400000000000001
GC=F_15m_backtest_036,2025-07-21T09:47:59.342470,GC=F,15m,backtest,NEUTRAL,1.1500000000000001,4.19,BalancedWicks_Asian_GreedDriven_15m_Pattern_04,1.1500000000000001
GC=F_15m_backtest_037,2025-07-21T09:52:59.342472,GC=F,15m,backtest,UP,1.1600000000000001,4.29,TightRange_European_FearDriven_15m_Pattern_05,1.1600000000000001
GC=F_15m_backtest_038,2025-07-21T09:57:59.342475,GC=F,15m,backtest,DOWN,1.17,4.390000000000001,BreakoutPattern_US_MomentumDriven_15m_Pattern_06,1.17
GC=F_15m_backtest_039,2025-07-21T10:02:59.342478,GC=F,15m,backtest,NEUTRAL,1.1800000000000002,4.490000000000001,ReversalPattern_Asian_ExhaustionSignal_15m_Pattern_07,1.1800000000000002
GC=F_15m_backtest_040,2025-07-21T10:07:59.342482,GC=F,15m,backtest,UP,1.19,4.590000000000001,ContinuationPattern_European_TrendFollowing_15m_Pattern_08,1.19
GC=F_15m_backtest_041,2025-07-21T10:12:59.342485,GC=F,15m,backtest,DOWN,1.2000000000000002,4.69,GapFill_US_LiquidityReturn_15m_Pattern_09,1.2000000000000002
GC=F_15m_backtest_042,2025-07-21T10:17:59.342488,GC=F,15m,backtest,NEUTRAL,1.21,4.790000000000001,FakeBreak_Asian_TrapPattern_15m_Pattern_10,1.21
GC=F_15m_backtest_043,2025-07-21T10:22:59.342493,GC=F,15m,backtest,UP,1.22,4.890000000000001,VolumeSpike_European_NewsReaction_15m_Pattern_11,1.22
GC=F_15m_backtest_044,2025-07-21T10:27:59.342499,GC=F,15m,backtest,DOWN,1.23,4.99,RangeExpansion_US_VolatilityBreakout_15m_Pattern_12,1.23
GC=F_15m_backtest_045,2025-07-21T10:32:59.342503,GC=F,15m,backtest,NEUTRAL,1.24,5.090000000000001,Consolidation_Asian_AccumulationPhase_15m_Pattern_13,1.24
GC=F_15m_backtest_046,2025-07-21T10:37:59.342506,GC=F,15m,backtest,UP,1.25,5.19,Impulse_European_DirectionalMove_15m_Pattern_14,1.25
GC=F_15m_backtest_047,2025-07-21T10:42:59.342509,GC=F,15m,backtest,DOWN,1.26,5.290000000000001,Correction_US_RetracementPattern_15m_Pattern_15,1.26
GC=F_15m_backtest_048,2025-07-21T10:47:59.342511,GC=F,15m,backtest,NEUTRAL,1.27,5.390000000000001,HighVolume_Asian_LiquiditySweep_15m_Pattern_16,1.27
GC=F_15m_backtest_049,2025-07-21T10:52:59.342515,GC=F,15m,backtest,UP,1.28,5.490000000000001,LowVolume_European_TightRange_15m_Pattern_17,1.28
GC=F_15m_backtest_050,2025-07-21T10:57:59.342518,GC=F,15m,backtest,DOWN,1.29,5.590000000000001,VolatileRange_US_FakeoutProne_15m_Pattern_18,1.29
GC=F_15m_backtest_051,2025-07-21T11:02:59.342520,GC=F,15m,backtest,NEUTRAL,1.3,5.69,BalancedWicks_Asian_GreedDriven_15m_Pattern_19,1.3
GC=F_15m_backtest_052,2025-07-21T11:07:59.342523,GC=F,15m,backtest,UP,1.31,5.790000000000001,TightRange_European_FearDriven_15m_Pattern_20,1.31
GC=F_15m_backtest_053,2025-07-21T11:12:59.342525,GC=F,15m,backtest,DOWN,1.32,5.890000000000001,BreakoutPattern_US_MomentumDriven_15m_Pattern_21,1.32
GC=F_15m_backtest_054,2025-07-21T11:17:59.342528,GC=F,15m,backtest,NEUTRAL,1.33,5.990000000000001,ReversalPattern_Asian_ExhaustionSignal_15m_Pattern_22,1.33
GC=F_15m_backtest_055,2025-07-21T11:22:59.342531,GC=F,15m,backtest,UP,1.34,6.090000000000001,ContinuationPattern_European_TrendFollowing_15m_Pattern_23,1.34
GC=F_15m_backtest_056,2025-07-21T11:27:59.342533,GC=F,15m,backtest,DOWN,1.35,6.19,GapFill_US_LiquidityReturn_15m_Pattern_24,1.35
GC=F_15m_backtest_057,2025-07-21T11:32:59.342538,GC=F,15m,backtest,NEUTRAL,1.36,6.290000000000001,FakeBreak_Asian_TrapPattern_15m_Pattern_25,1.36
GC=F_15m_backtest_058,2025-07-21T11:37:59.342541,GC=F,15m,backtest,UP,1.37,6.390000000000001,VolumeSpike_European_NewsReaction_15m_Pattern_26,1.37
GC=F_15m_backtest_059,2025-07-21T11:42:59.342553,GC=F,15m,backtest,DOWN,1.38,6.490000000000001,RangeExpansion_US_VolatilityBreakout_15m_Pattern_27,1.38
GC=F_15m_backtest_060,2025-07-21T11:47:59.342556,GC=F,15m,backtest,NEUTRAL,1.3900000000000001,6.590000000000001,Consolidation_Asian_AccumulationPhase_15m_Pattern_28,1.3900000000000001
GC=F_15m_backtest_061,2025-07-21T11:52:59.342559,GC=F,15m,backtest,UP,1.4,6.69,Impulse_European_DirectionalMove_15m_Pattern_29,1.4
GC=F_15m_backtest_062,2025-07-21T11:57:59.342564,GC=F,15m,backtest,DOWN,1.4100000000000001,6.790000000000001,Correction_US_RetracementPattern_15m_Pattern_30,1.4100000000000001
GC=F_15m_backtest_063,2025-07-21T12:02:59.342566,GC=F,15m,backtest,NEUTRAL,1.42,6.890000000000001,HighVolume_Asian_LiquiditySweep_15m_Pattern_31,1.42
GC=F_15m_backtest_064,2025-07-21T12:07:59.342569,GC=F,15m,backtest,UP,1.4300000000000002,6.990000000000001,LowVolume_European_TightRange_15m_Pattern_32,1.4300000000000002
GC=F_15m_backtest_065,2025-07-21T12:12:59.342573,GC=F,15m,backtest,DOWN,1.44,7.090000000000001,HighVolume_Asian_LiquiditySweep_15m_Pattern_01,1.44
GC=F_15m_backtest_066,2025-07-21T12:17:59.342576,GC=F,15m,backtest,NEUTRAL,1.4500000000000002,7.19,LowVolume_European_TightRange_15m_Pattern_02,1.4500000000000002
GC=F_15m_backtest_067,2025-07-21T12:22:59.342578,GC=F,15m,backtest,UP,1.46,7.290000000000001,VolatileRange_US_FakeoutProne_15m_Pattern_03,1.46
GC=F_15m_backtest_068,2025-07-21T12:27:59.342582,GC=F,15m,backtest,DOWN,1.4700000000000002,7.390000000000001,BalancedWicks_Asian_GreedDriven_15m_Pattern_04,1.4700000000000002
GC=F_15m_backtest_069,2025-07-21T12:32:59.342586,GC=F,15m,backtest,NEUTRAL,1.48,7.490000000000001,TightRange_European_FearDriven_15m_Pattern_05,1.48
GC=F_15m_backtest_070,2025-07-21T12:37:59.342589,GC=F,15m,backtest,UP,1.4900000000000002,7.590000000000001,BreakoutPattern_US_MomentumDriven_15m_Pattern_06,1.4900000000000002
GC=F_15m_backtest_071,2025-07-21T12:42:59.342592,GC=F,15m,backtest,DOWN,1.5,7.69,ReversalPattern_Asian_ExhaustionSignal_15m_Pattern_07,1.5
GC=F_15m_backtest_072,2025-07-21T12:47:59.342596,GC=F,15m,backtest,NEUTRAL,1.51,7.790000000000001,ContinuationPattern_European_TrendFollowing_15m_Pattern_08,1.51
GC=F_15m_backtest_073,2025-07-21T12:52:59.342599,GC=F,15m,backtest,UP,1.52,7.890000000000001,GapFill_US_LiquidityReturn_15m_Pattern_09,1.52
GC=F_15m_backtest_074,2025-07-21T12:57:59.342602,GC=F,15m,backtest,DOWN,1.53,7.990000000000001,FakeBreak_Asian_TrapPattern_15m_Pattern_10,1.53
GC=F_15m_backtest_075,2025-07-21T13:02:59.342607,GC=F,15m,backtest,NEUTRAL,1.54,8.09,VolumeSpike_European_NewsReaction_15m_Pattern_11,1.54
GC=F_15m_backtest_076,2025-07-21T13:07:59.342610,GC=F,15m,backtest,UP,1.55,8.19,RangeExpansion_US_VolatilityBreakout_15m_Pattern_12,1.55
GC=F_15m_backtest_077,2025-07-21T13:12:59.342616,GC=F,15m,backtest,DOWN,1.56,8.290000000000001,Consolidation_Asian_AccumulationPhase_15m_Pattern_13,1.56
GC=F_15m_backtest_078,2025-07-21T13:17:59.342619,GC=F,15m,backtest,NEUTRAL,1.57,8.389999999999999,Impulse_European_DirectionalMove_15m_Pattern_14,1.57
GC=F_15m_backtest_079,2025-07-21T13:22:59.342622,GC=F,15m,backtest,UP,1.58,8.49,Correction_US_RetracementPattern_15m_Pattern_15,1.58
GC=F_15m_backtest_080,2025-07-21T13:27:59.342624,GC=F,15m,backtest,DOWN,1.59,8.59,HighVolume_Asian_LiquiditySweep_15m_Pattern_16,1.59
GC=F_15m_backtest_081,2025-07-21T13:32:59.342627,GC=F,15m,backtest,NEUTRAL,1.6,8.69,LowVolume_European_TightRange_15m_Pattern_17,1.6
GC=F_15m_backtest_082,2025-07-21T13:37:59.342633,GC=F,15m,backtest,UP,1.61,8.79,VolatileRange_US_FakeoutProne_15m_Pattern_18,1.61
GC=F_15m_backtest_083,2025-07-21T13:42:59.342635,GC=F,15m,backtest,DOWN,1.62,8.89,BalancedWicks_Asian_GreedDriven_15m_Pattern_19,1.62
GC=F_15m_backtest_084,2025-07-21T13:47:59.342638,GC=F,15m,backtest,NEUTRAL,1.6300000000000001,8.99,TightRange_European_FearDriven_15m_Pattern_20,1.6300000000000001
GC=F_15m_backtest_085,2025-07-21T13:52:59.342642,GC=F,15m,backtest,UP,1.6400000000000001,9.09,BreakoutPattern_US_MomentumDriven_15m_Pattern_21,1.6400000000000001
GC=F_15m_backtest_086,2025-07-21T13:57:59.342647,GC=F,15m,backtest,DOWN,1.65,9.19,ReversalPattern_Asian_ExhaustionSignal_15m_Pattern_22,1.65
GC=F_15m_backtest_087,2025-07-21T14:02:59.342649,GC=F,15m,backtest,NEUTRAL,1.6600000000000001,9.29,ContinuationPattern_European_TrendFollowing_15m_Pattern_23,1.6600000000000001
GC=F_15m_backtest_088,2025-07-21T14:07:59.342652,GC=F,15m,backtest,UP,1.67,9.39,GapFill_US_LiquidityReturn_15m_Pattern_24,1.67
GC=F_15m_backtest_089,2025-07-21T14:12:59.342655,GC=F,15m,backtest,DOWN,1.6800000000000002,9.49,FakeBreak_Asian_TrapPattern_15m_Pattern_25,1.6800000000000002
GC=F_15m_backtest_090,2025-07-21T14:17:59.342657,GC=F,15m,backtest,NEUTRAL,1.69,9.59,VolumeSpike_European_NewsReaction_15m_Pattern_26,1.69
GC=F_15m_backtest_091,2025-07-21T14:22:59.342661,GC=F,15m,backtest,UP,1.7000000000000002,9.69,RangeExpansion_US_VolatilityBreakout_15m_Pattern_27,1.7000000000000002
GC=F_15m_backtest_092,2025-07-21T14:27:59.342664,GC=F,15m,backtest,DOWN,1.71,9.79,Consolidation_Asian_AccumulationPhase_15m_Pattern_28,1.71
GC=F_15m_backtest_093,2025-07-21T14:32:59.342666,GC=F,15m,backtest,NEUTRAL,1.7200000000000002,9.89,Impulse_European_DirectionalMove_15m_Pattern_29,1.7200000000000002
GC=F_15m_backtest_094,2025-07-21T14:37:59.342669,GC=F,15m,backtest,UP,1.73,9.99,Correction_US_RetracementPattern_15m_Pattern_30,1.73
GC=F_15m_backtest_095,2025-07-21T14:42:59.342676,GC=F,15m,backtest,DOWN,1.7400000000000002,10.09,HighVolume_Asian_LiquiditySweep_15m_Pattern_31,1.7400000000000002
GC=F_15m_backtest_096,2025-07-21T14:47:59.342679,GC=F,15m,backtest,NEUTRAL,1.75,10.19,LowVolume_European_TightRange_15m_Pattern_32,1.75
GC=F_15m_backtest_097,2025-07-21T14:52:59.342682,GC=F,15m,backtest,UP,1.76,10.290000000000001,HighVolume_Asian_LiquiditySweep_15m_Pattern_01,1.76
GC=F_15m_backtest_098,2025-07-21T14:57:59.342685,GC=F,15m,backtest,DOWN,1.77,10.39,LowVolume_European_TightRange_15m_Pattern_02,1.77
GC=F_15m_backtest_099,2025-07-21T15:02:59.342687,GC=F,15m,backtest,NEUTRAL,1.78,10.49,VolatileRange_US_FakeoutProne_15m_Pattern_03,1.78
GC=F_15m_backtest_100,2025-07-21T15:07:59.342690,GC=F,15m,backtest,UP,1.79,10.59,BalancedWicks_Asian_GreedDriven_15m_Pattern_04,1.79
GC=F_1h_backtest_001,2025-07-21T06:52:59.342712,GC=F,1h,backtest,UP,0.76,0.77,HighVolume_Asian_LiquiditySweep_1h_Pattern_01,0.76
GC=F_1h_backtest_002,2025-07-21T06:57:59.342715,GC=F,1h,backtest,DOWN,0.77,0.87,LowVolume_European_TightRange_1h_Pattern_02,0.77
GC=F_1h_backtest_003,2025-07-21T07:02:59.342718,GC=F,1h,backtest,NEUTRAL,0.78,0.97,VolatileRange_US_FakeoutProne_1h_Pattern_03,0.78
GC=F_1h_backtest_004,2025-07-21T07:07:59.342723,GC=F,1h,backtest,UP,0.79,1.07,BalancedWicks_Asian_GreedDriven_1h_Pattern_04,0.79
GC=F_1h_backtest_005,2025-07-21T07:12:59.342727,GC=F,1h,backtest,DOWN,0.8,1.17,TightRange_European_FearDriven_1h_Pattern_05,0.8
GC=F_1h_backtest_006,2025-07-21T07:17:59.342730,GC=F,1h,backtest,NEUTRAL,0.81,1.27,BreakoutPattern_US_MomentumDriven_1h_Pattern_06,0.81
GC=F_1h_backtest_007,2025-07-21T07:22:59.342736,GC=F,1h,backtest,UP,0.8200000000000001,1.37,ReversalPattern_Asian_ExhaustionSignal_1h_Pattern_07,0.8200000000000001
GC=F_1h_backtest_008,2025-07-21T07:27:59.342738,GC=F,1h,backtest,DOWN,0.8300000000000001,1.4700000000000002,ContinuationPattern_European_TrendFollowing_1h_Pattern_08,0.8300000000000001
GC=F_1h_backtest_009,2025-07-21T07:32:59.342741,GC=F,1h,backtest,NEUTRAL,0.8399999999999999,1.57,GapFill_US_LiquidityReturn_1h_Pattern_09,0.8399999999999999
GC=F_1h_backtest_010,2025-07-21T07:37:59.342744,GC=F,1h,backtest,UP,0.8499999999999999,1.67,FakeBreak_Asian_TrapPattern_1h_Pattern_10,0.8499999999999999
GC=F_1h_backtest_011,2025-07-21T07:42:59.342746,GC=F,1h,backtest,DOWN,0.8599999999999999,1.77,VolumeSpike_European_NewsReaction_1h_Pattern_11,0.8599999999999999
GC=F_1h_backtest_012,2025-07-21T07:47:59.342749,GC=F,1h,backtest,NEUTRAL,0.8699999999999999,1.87,RangeExpansion_US_VolatilityBreakout_1h_Pattern_12,0.8699999999999999
GC=F_1h_backtest_013,2025-07-21T07:52:59.342753,GC=F,1h,backtest,UP,0.8799999999999999,1.9700000000000002,Consolidation_Asian_AccumulationPhase_1h_Pattern_13,0.8799999999999999
GC=F_1h_backtest_014,2025-07-21T07:57:59.342756,GC=F,1h,backtest,DOWN,0.8899999999999999,2.0700000000000003,Impulse_European_DirectionalMove_1h_Pattern_14,0.8899999999999999
GC=F_1h_backtest_015,2025-07-21T08:02:59.342760,GC=F,1h,backtest,NEUTRAL,0.8999999999999999,2.17,Correction_US_RetracementPattern_1h_Pattern_15,0.8999999999999999
GC=F_1h_backtest_016,2025-07-21T08:07:59.342763,GC=F,1h,backtest,UP,0.9099999999999999,2.27,HighVolume_Asian_LiquiditySweep_1h_Pattern_16,0.9099999999999999
GC=F_1h_backtest_017,2025-07-21T08:12:59.342765,GC=F,1h,backtest,DOWN,0.9199999999999999,2.37,LowVolume_European_TightRange_1h_Pattern_17,0.9199999999999999
GC=F_1h_backtest_018,2025-07-21T08:17:59.342768,GC=F,1h,backtest,NEUTRAL,0.9299999999999999,2.47,VolatileRange_US_FakeoutProne_1h_Pattern_18,0.9299999999999999
GC=F_1h_backtest_019,2025-07-21T08:22:59.342771,GC=F,1h,backtest,UP,0.94,2.57,BalancedWicks_Asian_GreedDriven_1h_Pattern_19,0.94
GC=F_1h_backtest_020,2025-07-21T08:27:59.342777,GC=F,1h,backtest,DOWN,0.95,2.6700000000000004,TightRange_European_FearDriven_1h_Pattern_20,0.95
GC=F_1h_backtest_021,2025-07-21T08:32:59.342779,GC=F,1h,backtest,NEUTRAL,0.96,2.77,BreakoutPattern_US_MomentumDriven_1h_Pattern_21,0.96
GC=F_1h_backtest_022,2025-07-21T08:37:59.342785,GC=F,1h,backtest,UP,0.97,2.87,ReversalPattern_Asian_ExhaustionSignal_1h_Pattern_22,0.97
GC=F_1h_backtest_023,2025-07-21T08:42:59.342789,GC=F,1h,backtest,DOWN,0.98,2.97,ContinuationPattern_European_TrendFollowing_1h_Pattern_23,0.98
GC=F_1h_backtest_024,2025-07-21T08:47:59.342792,GC=F,1h,backtest,NEUTRAL,0.99,3.0700000000000003,GapFill_US_LiquidityReturn_1h_Pattern_24,0.99
GC=F_1h_backtest_025,2025-07-21T08:52:59.342796,GC=F,1h,backtest,UP,1.0,3.1700000000000004,FakeBreak_Asian_TrapPattern_1h_Pattern_25,1.0
GC=F_1h_backtest_026,2025-07-21T08:57:59.342799,GC=F,1h,backtest,DOWN,1.01,3.27,VolumeSpike_European_NewsReaction_1h_Pattern_26,1.01
GC=F_1h_backtest_027,2025-07-21T09:02:59.342801,GC=F,1h,backtest,NEUTRAL,1.02,3.37,RangeExpansion_US_VolatilityBreakout_1h_Pattern_27,1.02
GC=F_1h_backtest_028,2025-07-21T09:07:59.342804,GC=F,1h,backtest,UP,1.03,3.47,Consolidation_Asian_AccumulationPhase_1h_Pattern_28,1.03
GC=F_1h_backtest_029,2025-07-21T09:12:59.342807,GC=F,1h,backtest,DOWN,1.04,3.5700000000000003,HighVolume_Asian_LiquiditySweep_1h_Pattern_01,1.04
GC=F_1h_backtest_030,2025-07-21T09:17:59.342810,GC=F,1h,backtest,NEUTRAL,1.05,3.6700000000000004,LowVolume_European_TightRange_1h_Pattern_02,1.05
GC=F_1h_backtest_031,2025-07-21T09:22:59.342814,GC=F,1h,backtest,UP,1.06,3.77,VolatileRange_US_FakeoutProne_1h_Pattern_03,1.06
GC=F_1h_backtest_032,2025-07-21T09:27:59.342816,GC=F,1h,backtest,DOWN,1.07,3.87,BalancedWicks_Asian_GreedDriven_1h_Pattern_04,1.07
GC=F_1h_backtest_033,2025-07-21T09:32:59.342821,GC=F,1h,backtest,NEUTRAL,1.08,3.97,TightRange_European_FearDriven_1h_Pattern_05,1.08
GC=F_1h_backtest_034,2025-07-21T09:37:59.342823,GC=F,1h,backtest,UP,1.09,4.07,BreakoutPattern_US_MomentumDriven_1h_Pattern_06,1.09
GC=F_1h_backtest_035,2025-07-21T09:42:59.342828,GC=F,1h,backtest,DOWN,1.1,4.17,ReversalPattern_Asian_ExhaustionSignal_1h_Pattern_07,1.1
GC=F_1h_backtest_036,2025-07-21T09:47:59.342831,GC=F,1h,backtest,NEUTRAL,1.11,4.27,ContinuationPattern_European_TrendFollowing_1h_Pattern_08,1.11
GC=F_1h_backtest_037,2025-07-21T09:52:59.342833,GC=F,1h,backtest,UP,1.12,4.369999999999999,GapFill_US_LiquidityReturn_1h_Pattern_09,1.12
GC=F_1h_backtest_038,2025-07-21T09:57:59.342836,GC=F,1h,backtest,DOWN,1.13,4.470000000000001,FakeBreak_Asian_TrapPattern_1h_Pattern_10,1.13
GC=F_1h_backtest_039,2025-07-21T10:02:59.342841,GC=F,1h,backtest,NEUTRAL,1.1400000000000001,4.57,VolumeSpike_European_NewsReaction_1h_Pattern_11,1.1400000000000001
GC=F_1h_backtest_040,2025-07-21T10:07:59.342845,GC=F,1h,backtest,UP,1.15,4.67,RangeExpansion_US_VolatilityBreakout_1h_Pattern_12,1.15
GC=F_1h_backtest_041,2025-07-21T10:12:59.342848,GC=F,1h,backtest,DOWN,1.1600000000000001,4.77,Consolidation_Asian_AccumulationPhase_1h_Pattern_13,1.1600000000000001
GC=F_1h_backtest_042,2025-07-21T10:17:59.342852,GC=F,1h,backtest,NEUTRAL,1.17,4.870000000000001,Impulse_European_DirectionalMove_1h_Pattern_14,1.17
GC=F_1h_backtest_043,2025-07-21T10:22:59.342855,GC=F,1h,backtest,UP,1.18,4.970000000000001,Correction_US_RetracementPattern_1h_Pattern_15,1.18
GC=F_1h_backtest_044,2025-07-21T10:27:59.342857,GC=F,1h,backtest,DOWN,1.19,5.07,HighVolume_Asian_LiquiditySweep_1h_Pattern_16,1.19
GC=F_1h_backtest_045,2025-07-21T10:32:59.342861,GC=F,1h,backtest,NEUTRAL,1.2,5.17,LowVolume_European_TightRange_1h_Pattern_17,1.2
GC=F_1h_backtest_046,2025-07-21T10:37:59.342866,GC=F,1h,backtest,UP,1.21,5.27,VolatileRange_US_FakeoutProne_1h_Pattern_18,1.21
GC=F_1h_backtest_047,2025-07-21T10:42:59.342868,GC=F,1h,backtest,DOWN,1.22,5.370000000000001,BalancedWicks_Asian_GreedDriven_1h_Pattern_19,1.22
GC=F_1h_backtest_048,2025-07-21T10:47:59.342871,GC=F,1h,backtest,NEUTRAL,1.23,5.470000000000001,TightRange_European_FearDriven_1h_Pattern_20,1.23
GC=F_1h_backtest_049,2025-07-21T10:52:59.342874,GC=F,1h,backtest,UP,1.24,5.57,BreakoutPattern_US_MomentumDriven_1h_Pattern_21,1.24
GC=F_1h_backtest_050,2025-07-21T10:57:59.342880,GC=F,1h,backtest,DOWN,1.25,5.67,ReversalPattern_Asian_ExhaustionSignal_1h_Pattern_22,1.25
GC=F_1h_backtest_051,2025-07-21T11:02:59.342883,GC=F,1h,backtest,NEUTRAL,1.26,5.77,ContinuationPattern_European_TrendFollowing_1h_Pattern_23,1.26
GC=F_1h_backtest_052,2025-07-21T11:07:59.342886,GC=F,1h,backtest,UP,1.27,5.870000000000001,GapFill_US_LiquidityReturn_1h_Pattern_24,1.27
GC=F_1h_backtest_053,2025-07-21T11:12:59.342889,GC=F,1h,backtest,DOWN,1.28,5.970000000000001,FakeBreak_Asian_TrapPattern_1h_Pattern_25,1.28
GC=F_1h_backtest_054,2025-07-21T11:17:59.342891,GC=F,1h,backtest,NEUTRAL,1.29,6.07,VolumeSpike_European_NewsReaction_1h_Pattern_26,1.29
GC=F_1h_backtest_055,2025-07-21T11:22:59.342897,GC=F,1h,backtest,UP,1.3,6.17,RangeExpansion_US_VolatilityBreakout_1h_Pattern_27,1.3
GC=F_1h_backtest_056,2025-07-21T11:27:59.342900,GC=F,1h,backtest,DOWN,1.31,6.27,Consolidation_Asian_AccumulationPhase_1h_Pattern_28,1.31
GC=F_1h_backtest_057,2025-07-21T11:32:59.342903,GC=F,1h,backtest,NEUTRAL,1.32,6.370000000000001,HighVolume_Asian_LiquiditySweep_1h_Pattern_01,1.32
GC=F_1h_backtest_058,2025-07-21T11:37:59.342906,GC=F,1h,backtest,UP,1.33,6.470000000000001,LowVolume_European_TightRange_1h_Pattern_02,1.33
GC=F_1h_backtest_059,2025-07-21T11:42:59.342911,GC=F,1h,backtest,DOWN,1.3399999999999999,6.57,VolatileRange_US_FakeoutProne_1h_Pattern_03,1.3399999999999999
GC=F_1h_backtest_060,2025-07-21T11:47:59.342914,GC=F,1h,backtest,NEUTRAL,1.35,6.67,BalancedWicks_Asian_GreedDriven_1h_Pattern_04,1.35
GC=F_1h_backtest_061,2025-07-21T11:52:59.342916,GC=F,1h,backtest,UP,1.3599999999999999,6.77,TightRange_European_FearDriven_1h_Pattern_05,1.3599999999999999
GC=F_1h_backtest_062,2025-07-21T11:57:59.342919,GC=F,1h,backtest,DOWN,1.37,6.870000000000001,BreakoutPattern_US_MomentumDriven_1h_Pattern_06,1.37
GC=F_1h_backtest_063,2025-07-21T12:02:59.342921,GC=F,1h,backtest,NEUTRAL,1.38,6.970000000000001,ReversalPattern_Asian_ExhaustionSignal_1h_Pattern_07,1.38
GC=F_1h_backtest_064,2025-07-21T12:07:59.342924,GC=F,1h,backtest,UP,1.3900000000000001,7.07,ContinuationPattern_European_TrendFollowing_1h_Pattern_08,1.3900000000000001
GC=F_1h_backtest_065,2025-07-21T12:12:59.342928,GC=F,1h,backtest,DOWN,1.4,7.17,GapFill_US_LiquidityReturn_1h_Pattern_09,1.4
GC=F_1h_backtest_066,2025-07-21T12:17:59.342931,GC=F,1h,backtest,NEUTRAL,1.4100000000000001,7.27,FakeBreak_Asian_TrapPattern_1h_Pattern_10,1.4100000000000001
GC=F_1h_backtest_067,2025-07-21T12:22:59.342933,GC=F,1h,backtest,UP,1.42,7.370000000000001,VolumeSpike_European_NewsReaction_1h_Pattern_11,1.42
GC=F_1h_backtest_068,2025-07-21T12:27:59.342938,GC=F,1h,backtest,DOWN,1.4300000000000002,7.470000000000001,RangeExpansion_US_VolatilityBreakout_1h_Pattern_12,1.4300000000000002
GC=F_1h_backtest_069,2025-07-21T12:32:59.342940,GC=F,1h,backtest,NEUTRAL,1.44,7.57,Consolidation_Asian_AccumulationPhase_1h_Pattern_13,1.44
GC=F_1h_backtest_070,2025-07-21T12:37:59.342943,GC=F,1h,backtest,UP,1.4500000000000002,7.67,Impulse_European_DirectionalMove_1h_Pattern_14,1.4500000000000002
GC=F_1h_backtest_071,2025-07-21T12:42:59.342950,GC=F,1h,backtest,DOWN,1.46,7.77,Correction_US_RetracementPattern_1h_Pattern_15,1.46
GC=F_1h_backtest_072,2025-07-21T12:47:59.342952,GC=F,1h,backtest,NEUTRAL,1.47,7.870000000000001,HighVolume_Asian_LiquiditySweep_1h_Pattern_16,1.47
GC=F_1h_backtest_073,2025-07-21T12:52:59.342957,GC=F,1h,backtest,UP,1.48,7.970000000000001,LowVolume_European_TightRange_1h_Pattern_17,1.48
GC=F_1h_backtest_074,2025-07-21T12:57:59.342960,GC=F,1h,backtest,DOWN,1.49,8.07,VolatileRange_US_FakeoutProne_1h_Pattern_18,1.49
GC=F_1h_backtest_075,2025-07-21T13:02:59.342964,GC=F,1h,backtest,NEUTRAL,1.5,8.17,BalancedWicks_Asian_GreedDriven_1h_Pattern_19,1.5
GC=F_1h_backtest_076,2025-07-21T13:07:59.342967,GC=F,1h,backtest,UP,1.51,8.27,TightRange_European_FearDriven_1h_Pattern_20,1.51
GC=F_1h_backtest_077,2025-07-21T13:12:59.342971,GC=F,1h,backtest,DOWN,1.52,8.370000000000001,BreakoutPattern_US_MomentumDriven_1h_Pattern_21,1.52
GC=F_1h_backtest_078,2025-07-21T13:17:59.342975,GC=F,1h,backtest,NEUTRAL,1.53,8.469999999999999,ReversalPattern_Asian_ExhaustionSignal_1h_Pattern_22,1.53
GC=F_1h_backtest_079,2025-07-21T13:22:59.342978,GC=F,1h,backtest,UP,1.54,8.57,ContinuationPattern_European_TrendFollowing_1h_Pattern_23,1.54
GC=F_1h_backtest_080,2025-07-21T13:27:59.342981,GC=F,1h,backtest,DOWN,1.55,8.67,GapFill_US_LiquidityReturn_1h_Pattern_24,1.55
GC=F_1h_backtest_081,2025-07-21T13:32:59.342983,GC=F,1h,backtest,NEUTRAL,1.56,8.77,FakeBreak_Asian_TrapPattern_1h_Pattern_25,1.56
GC=F_1h_backtest_082,2025-07-21T13:37:59.342986,GC=F,1h,backtest,UP,1.57,8.87,VolumeSpike_European_NewsReaction_1h_Pattern_26,1.57
GC=F_1h_backtest_083,2025-07-21T13:42:59.342989,GC=F,1h,backtest,DOWN,1.58,8.97,RangeExpansion_US_VolatilityBreakout_1h_Pattern_27,1.58
GC=F_1h_backtest_084,2025-07-21T13:47:59.342993,GC=F,1h,backtest,NEUTRAL,1.59,9.07,Consolidation_Asian_AccumulationPhase_1h_Pattern_28,1.59
GC=F_1h_backtest_085,2025-07-21T13:52:59.342998,GC=F,1h,backtest,UP,1.6,9.17,HighVolume_Asian_LiquiditySweep_1h_Pattern_01,1.6
GC=F_1h_backtest_086,2025-07-21T13:57:59.343007,GC=F,1h,backtest,DOWN,1.6099999999999999,9.27,LowVolume_European_TightRange_1h_Pattern_02,1.6099999999999999
GC=F_1h_backtest_087,2025-07-21T14:02:59.343011,GC=F,1h,backtest,NEUTRAL,1.62,9.37,VolatileRange_US_FakeoutProne_1h_Pattern_03,1.62
GC=F_1h_backtest_088,2025-07-21T14:07:59.343013,GC=F,1h,backtest,UP,1.63,9.47,BalancedWicks_Asian_GreedDriven_1h_Pattern_04,1.63
GC=F_1h_backtest_089,2025-07-21T14:12:59.343016,GC=F,1h,backtest,DOWN,1.6400000000000001,9.57,TightRange_European_FearDriven_1h_Pattern_05,1.6400000000000001
GC=F_1h_backtest_090,2025-07-21T14:17:59.343018,GC=F,1h,backtest,NEUTRAL,1.65,9.67,BreakoutPattern_US_MomentumDriven_1h_Pattern_06,1.65
GC=F_1h_backtest_091,2025-07-21T14:22:59.343021,GC=F,1h,backtest,UP,1.6600000000000001,9.77,ReversalPattern_Asian_ExhaustionSignal_1h_Pattern_07,1.6600000000000001
GC=F_1h_backtest_092,2025-07-21T14:27:59.343024,GC=F,1h,backtest,DOWN,1.67,9.87,ContinuationPattern_European_TrendFollowing_1h_Pattern_08,1.67
GC=F_1h_backtest_093,2025-07-21T14:32:59.343026,GC=F,1h,backtest,NEUTRAL,1.6800000000000002,9.97,GapFill_US_LiquidityReturn_1h_Pattern_09,1.6800000000000002
GC=F_1h_backtest_094,2025-07-21T14:37:59.343029,GC=F,1h,backtest,UP,1.69,10.07,FakeBreak_Asian_TrapPattern_1h_Pattern_10,1.69
GC=F_1h_backtest_095,2025-07-21T14:42:59.343035,GC=F,1h,backtest,DOWN,1.7000000000000002,10.17,VolumeSpike_European_NewsReaction_1h_Pattern_11,1.7000000000000002
GC=F_1h_backtest_096,2025-07-21T14:47:59.343037,GC=F,1h,backtest,NEUTRAL,1.71,10.27,RangeExpansion_US_VolatilityBreakout_1h_Pattern_12,1.71
GC=F_1h_backtest_097,2025-07-21T14:52:59.343041,GC=F,1h,backtest,UP,1.72,10.370000000000001,Consolidation_Asian_AccumulationPhase_1h_Pattern_13,1.72
GC=F_1h_backtest_098,2025-07-21T14:57:59.343046,GC=F,1h,backtest,DOWN,1.73,10.47,Impulse_European_DirectionalMove_1h_Pattern_14,1.73
GC=F_1h_backtest_099,2025-07-21T15:02:59.343049,GC=F,1h,backtest,NEUTRAL,1.74,10.57,Correction_US_RetracementPattern_1h_Pattern_15,1.74
GC=F_1h_backtest_100,2025-07-21T15:07:59.343051,GC=F,1h,backtest,UP,1.75,10.67,HighVolume_Asian_LiquiditySweep_1h_Pattern_16,1.75
GC=F_4h_backtest_001,2025-07-21T06:52:59.343073,GC=F,4h,backtest,UP,0.7999999999999999,0.51,HighVolume_Asian_LiquiditySweep_4h_Pattern_01,0.7999999999999999
GC=F_4h_backtest_002,2025-07-21T06:57:59.343079,GC=F,4h,backtest,DOWN,0.8099999999999999,0.61,LowVolume_European_TightRange_4h_Pattern_02,0.8099999999999999
GC=F_4h_backtest_003,2025-07-21T07:02:59.343082,GC=F,4h,backtest,NEUTRAL,0.82,0.71,VolatileRange_US_FakeoutProne_4h_Pattern_03,0.82
GC=F_4h_backtest_004,2025-07-21T07:07:59.343086,GC=F,4h,backtest,UP,0.83,0.81,BalancedWicks_Asian_GreedDriven_4h_Pattern_04,0.83
GC=F_4h_backtest_005,2025-07-21T07:12:59.343091,GC=F,4h,backtest,DOWN,0.84,0.91,TightRange_European_FearDriven_4h_Pattern_05,0.84
GC=F_4h_backtest_006,2025-07-21T07:17:59.343093,GC=F,4h,backtest,NEUTRAL,0.85,1.01,BreakoutPattern_US_MomentumDriven_4h_Pattern_06,0.85
GC=F_4h_backtest_007,2025-07-21T07:22:59.343096,GC=F,4h,backtest,UP,0.86,1.11,ReversalPattern_Asian_ExhaustionSignal_4h_Pattern_07,0.86
GC=F_4h_backtest_008,2025-07-21T07:27:59.343099,GC=F,4h,backtest,DOWN,0.87,1.2100000000000002,ContinuationPattern_European_TrendFollowing_4h_Pattern_08,0.87
GC=F_4h_backtest_009,2025-07-21T07:32:59.343103,GC=F,4h,backtest,NEUTRAL,0.8799999999999999,1.31,GapFill_US_LiquidityReturn_4h_Pattern_09,0.8799999999999999
GC=F_4h_backtest_010,2025-07-21T07:37:59.343106,GC=F,4h,backtest,UP,0.8899999999999999,1.41,FakeBreak_Asian_TrapPattern_4h_Pattern_10,0.8899999999999999
GC=F_4h_backtest_011,2025-07-21T07:42:59.343109,GC=F,4h,backtest,DOWN,0.8999999999999999,1.51,VolumeSpike_European_NewsReaction_4h_Pattern_11,0.8999999999999999
GC=F_4h_backtest_012,2025-07-21T07:47:59.343112,GC=F,4h,backtest,NEUTRAL,0.9099999999999999,1.61,RangeExpansion_US_VolatilityBreakout_4h_Pattern_12,0.9099999999999999
GC=F_4h_backtest_013,2025-07-21T07:52:59.343116,GC=F,4h,backtest,UP,0.9199999999999999,1.7100000000000002,Consolidation_Asian_AccumulationPhase_4h_Pattern_13,0.9199999999999999
GC=F_4h_backtest_014,2025-07-21T07:57:59.343119,GC=F,4h,backtest,DOWN,0.9299999999999999,1.81,Impulse_European_DirectionalMove_4h_Pattern_14,0.9299999999999999
GC=F_4h_backtest_015,2025-07-21T08:02:59.343123,GC=F,4h,backtest,NEUTRAL,0.94,1.9100000000000001,Correction_US_RetracementPattern_4h_Pattern_15,0.94
GC=F_4h_backtest_016,2025-07-21T08:07:59.343127,GC=F,4h,backtest,UP,0.95,2.01,HighVolume_Asian_LiquiditySweep_4h_Pattern_16,0.95
GC=F_4h_backtest_017,2025-07-21T08:12:59.343130,GC=F,4h,backtest,DOWN,0.96,2.11,LowVolume_European_TightRange_4h_Pattern_17,0.96
GC=F_4h_backtest_018,2025-07-21T08:17:59.343138,GC=F,4h,backtest,NEUTRAL,0.97,2.21,VolatileRange_US_FakeoutProne_4h_Pattern_18,0.97
GC=F_4h_backtest_019,2025-07-21T08:22:59.343141,GC=F,4h,backtest,UP,0.9799999999999999,2.3099999999999996,BalancedWicks_Asian_GreedDriven_4h_Pattern_19,0.9799999999999999
GC=F_4h_backtest_020,2025-07-21T08:27:59.343144,GC=F,4h,backtest,DOWN,0.9899999999999999,2.41,TightRange_European_FearDriven_4h_Pattern_20,0.9899999999999999
GC=F_4h_backtest_021,2025-07-21T08:32:59.343146,GC=F,4h,backtest,NEUTRAL,0.9999999999999999,2.51,BreakoutPattern_US_MomentumDriven_4h_Pattern_21,0.9999999999999999
GC=F_4h_backtest_022,2025-07-21T08:37:59.343161,GC=F,4h,backtest,UP,1.01,2.61,ReversalPattern_Asian_ExhaustionSignal_4h_Pattern_22,1.01
GC=F_4h_backtest_023,2025-07-21T08:42:59.343164,GC=F,4h,backtest,DOWN,1.02,2.71,HighVolume_Asian_LiquiditySweep_4h_Pattern_01,1.02
GC=F_4h_backtest_024,2025-07-21T08:47:59.343171,GC=F,4h,backtest,NEUTRAL,1.03,2.81,LowVolume_European_TightRange_4h_Pattern_02,1.03
GC=F_4h_backtest_025,2025-07-21T08:52:59.343175,GC=F,4h,backtest,UP,1.04,2.91,VolatileRange_US_FakeoutProne_4h_Pattern_03,1.04
GC=F_4h_backtest_026,2025-07-21T08:57:59.343178,GC=F,4h,backtest,DOWN,1.05,3.01,BalancedWicks_Asian_GreedDriven_4h_Pattern_04,1.05
GC=F_4h_backtest_027,2025-07-21T09:02:59.343181,GC=F,4h,backtest,NEUTRAL,1.06,3.11,TightRange_European_FearDriven_4h_Pattern_05,1.06
GC=F_4h_backtest_028,2025-07-21T09:07:59.343184,GC=F,4h,backtest,UP,1.07,3.21,BreakoutPattern_US_MomentumDriven_4h_Pattern_06,1.07
GC=F_4h_backtest_029,2025-07-21T09:12:59.343186,GC=F,4h,backtest,DOWN,1.08,3.31,ReversalPattern_Asian_ExhaustionSignal_4h_Pattern_07,1.08
GC=F_4h_backtest_030,2025-07-21T09:17:59.343189,GC=F,4h,backtest,NEUTRAL,1.09,3.41,ContinuationPattern_European_TrendFollowing_4h_Pattern_08,1.09
GC=F_4h_backtest_031,2025-07-21T09:22:59.343198,GC=F,4h,backtest,UP,1.1,3.51,GapFill_US_LiquidityReturn_4h_Pattern_09,1.1
GC=F_4h_backtest_032,2025-07-21T09:27:59.343201,GC=F,4h,backtest,DOWN,1.11,3.61,FakeBreak_Asian_TrapPattern_4h_Pattern_10,1.11
GC=F_4h_backtest_033,2025-07-21T09:32:59.343204,GC=F,4h,backtest,NEUTRAL,1.12,3.71,VolumeSpike_European_NewsReaction_4h_Pattern_11,1.12
GC=F_4h_backtest_034,2025-07-21T09:37:59.343209,GC=F,4h,backtest,UP,1.1300000000000001,3.81,RangeExpansion_US_VolatilityBreakout_4h_Pattern_12,1.1300000000000001
GC=F_4h_backtest_035,2025-07-21T09:42:59.343213,GC=F,4h,backtest,DOWN,1.1400000000000001,3.91,Consolidation_Asian_AccumulationPhase_4h_Pattern_13,1.1400000000000001
GC=F_4h_backtest_036,2025-07-21T09:47:59.343217,GC=F,4h,backtest,NEUTRAL,1.1500000000000001,4.01,Impulse_European_DirectionalMove_4h_Pattern_14,1.1500000000000001
GC=F_4h_backtest_037,2025-07-21T09:52:59.343220,GC=F,4h,backtest,UP,1.1600000000000001,4.109999999999999,Correction_US_RetracementPattern_4h_Pattern_15,1.1600000000000001
GC=F_4h_backtest_038,2025-07-21T09:57:59.343223,GC=F,4h,backtest,DOWN,1.17,4.21,HighVolume_Asian_LiquiditySweep_4h_Pattern_16,1.17
GC=F_4h_backtest_039,2025-07-21T10:02:59.343225,GC=F,4h,backtest,NEUTRAL,1.1800000000000002,4.3100000000000005,LowVolume_European_TightRange_4h_Pattern_17,1.1800000000000002
GC=F_4h_backtest_040,2025-07-21T10:07:59.343228,GC=F,4h,backtest,UP,1.19,4.41,VolatileRange_US_FakeoutProne_4h_Pattern_18,1.19
GC=F_4h_backtest_041,2025-07-21T10:12:59.343232,GC=F,4h,backtest,DOWN,1.2000000000000002,4.51,BalancedWicks_Asian_GreedDriven_4h_Pattern_19,1.2000000000000002
GC=F_4h_backtest_042,2025-07-21T10:17:59.343237,GC=F,4h,backtest,NEUTRAL,1.21,4.61,TightRange_European_FearDriven_4h_Pattern_20,1.21
GC=F_4h_backtest_043,2025-07-21T10:22:59.343239,GC=F,4h,backtest,UP,1.22,4.71,BreakoutPattern_US_MomentumDriven_4h_Pattern_21,1.22
GC=F_4h_backtest_044,2025-07-21T10:27:59.343242,GC=F,4h,backtest,DOWN,1.23,4.81,ReversalPattern_Asian_ExhaustionSignal_4h_Pattern_22,1.23
GC=F_4h_backtest_045,2025-07-21T10:32:59.343246,GC=F,4h,backtest,NEUTRAL,1.24,4.91,HighVolume_Asian_LiquiditySweep_4h_Pattern_01,1.24
GC=F_4h_backtest_046,2025-07-21T10:37:59.343249,GC=F,4h,backtest,UP,1.25,5.01,LowVolume_European_TightRange_4h_Pattern_02,1.25
GC=F_4h_backtest_047,2025-07-21T10:42:59.343253,GC=F,4h,backtest,DOWN,1.26,5.11,VolatileRange_US_FakeoutProne_4h_Pattern_03,1.26
GC=F_4h_backtest_048,2025-07-21T10:47:59.343255,GC=F,4h,backtest,NEUTRAL,1.27,5.21,BalancedWicks_Asian_GreedDriven_4h_Pattern_04,1.27
GC=F_4h_backtest_049,2025-07-21T10:52:59.343258,GC=F,4h,backtest,UP,1.28,5.3100000000000005,TightRange_European_FearDriven_4h_Pattern_05,1.28
GC=F_4h_backtest_050,2025-07-21T10:57:59.343264,GC=F,4h,backtest,DOWN,1.29,5.41,BreakoutPattern_US_MomentumDriven_4h_Pattern_06,1.29
GC=F_4h_backtest_051,2025-07-21T11:02:59.343267,GC=F,4h,backtest,NEUTRAL,1.3,5.51,ReversalPattern_Asian_ExhaustionSignal_4h_Pattern_07,1.3
GC=F_4h_backtest_052,2025-07-21T11:07:59.343269,GC=F,4h,backtest,UP,1.31,5.61,ContinuationPattern_European_TrendFollowing_4h_Pattern_08,1.31
GC=F_4h_backtest_053,2025-07-21T11:12:59.343272,GC=F,4h,backtest,DOWN,1.32,5.71,GapFill_US_LiquidityReturn_4h_Pattern_09,1.32
GC=F_4h_backtest_054,2025-07-21T11:17:59.343275,GC=F,4h,backtest,NEUTRAL,1.33,5.8100000000000005,FakeBreak_Asian_TrapPattern_4h_Pattern_10,1.33
GC=F_4h_backtest_055,2025-07-21T11:22:59.343279,GC=F,4h,backtest,UP,1.34,5.91,VolumeSpike_European_NewsReaction_4h_Pattern_11,1.34
GC=F_4h_backtest_056,2025-07-21T11:27:59.343282,GC=F,4h,backtest,DOWN,1.35,6.01,RangeExpansion_US_VolatilityBreakout_4h_Pattern_12,1.35
GC=F_4h_backtest_057,2025-07-21T11:32:59.343285,GC=F,4h,backtest,NEUTRAL,1.36,6.11,Consolidation_Asian_AccumulationPhase_4h_Pattern_13,1.36
GC=F_4h_backtest_058,2025-07-21T11:37:59.343288,GC=F,4h,backtest,UP,1.37,6.21,Impulse_European_DirectionalMove_4h_Pattern_14,1.37
GC=F_4h_backtest_059,2025-07-21T11:42:59.343292,GC=F,4h,backtest,DOWN,1.38,6.3100000000000005,Correction_US_RetracementPattern_4h_Pattern_15,1.38
GC=F_4h_backtest_060,2025-07-21T11:47:59.343297,GC=F,4h,backtest,NEUTRAL,1.3900000000000001,6.41,HighVolume_Asian_LiquiditySweep_4h_Pattern_16,1.3900000000000001
GC=F_4h_backtest_061,2025-07-21T11:52:59.343299,GC=F,4h,backtest,UP,1.4,6.51,LowVolume_European_TightRange_4h_Pattern_17,1.4
GC=F_4h_backtest_062,2025-07-21T11:57:59.343302,GC=F,4h,backtest,DOWN,1.4100000000000001,6.61,VolatileRange_US_FakeoutProne_4h_Pattern_18,1.4100000000000001
GC=F_4h_backtest_063,2025-07-21T12:02:59.343304,GC=F,4h,backtest,NEUTRAL,1.42,6.71,BalancedWicks_Asian_GreedDriven_4h_Pattern_19,1.42
GC=F_4h_backtest_064,2025-07-21T12:07:59.343307,GC=F,4h,backtest,UP,1.4300000000000002,6.8100000000000005,TightRange_European_FearDriven_4h_Pattern_20,1.4300000000000002
GC=F_4h_backtest_065,2025-07-21T12:12:59.343312,GC=F,4h,backtest,DOWN,1.44,6.91,BreakoutPattern_US_MomentumDriven_4h_Pattern_21,1.44
GC=F_4h_backtest_066,2025-07-21T12:17:59.343316,GC=F,4h,backtest,NEUTRAL,1.4500000000000002,7.01,ReversalPattern_Asian_ExhaustionSignal_4h_Pattern_22,1.4500000000000002
GC=F_4h_backtest_067,2025-07-21T12:22:59.343318,GC=F,4h,backtest,UP,1.46,7.11,HighVolume_Asian_LiquiditySweep_4h_Pattern_01,1.46
GC=F_4h_backtest_068,2025-07-21T12:27:59.343323,GC=F,4h,backtest,DOWN,1.4700000000000002,7.21,LowVolume_European_TightRange_4h_Pattern_02,1.4700000000000002
GC=F_4h_backtest_069,2025-07-21T12:32:59.343326,GC=F,4h,backtest,NEUTRAL,1.48,7.3100000000000005,VolatileRange_US_FakeoutProne_4h_Pattern_03,1.48
GC=F_4h_backtest_070,2025-07-21T12:37:59.343328,GC=F,4h,backtest,UP,1.4900000000000002,7.41,BalancedWicks_Asian_GreedDriven_4h_Pattern_04,1.4900000000000002
GC=F_4h_backtest_071,2025-07-21T12:42:59.343331,GC=F,4h,backtest,DOWN,1.5,7.51,TightRange_European_FearDriven_4h_Pattern_05,1.5
GC=F_4h_backtest_072,2025-07-21T12:47:59.343333,GC=F,4h,backtest,NEUTRAL,1.51,7.61,BreakoutPattern_US_MomentumDriven_4h_Pattern_06,1.51
GC=F_4h_backtest_073,2025-07-21T12:52:59.343338,GC=F,4h,backtest,UP,1.52,7.71,ReversalPattern_Asian_ExhaustionSignal_4h_Pattern_07,1.52
GC=F_4h_backtest_074,2025-07-21T12:57:59.343342,GC=F,4h,backtest,DOWN,1.53,7.8100000000000005,ContinuationPattern_European_TrendFollowing_4h_Pattern_08,1.53
GC=F_4h_backtest_075,2025-07-21T13:02:59.343348,GC=F,4h,backtest,NEUTRAL,1.54,7.91,GapFill_US_LiquidityReturn_4h_Pattern_09,1.54
GC=F_4h_backtest_076,2025-07-21T13:07:59.343351,GC=F,4h,backtest,UP,1.55,8.01,FakeBreak_Asian_TrapPattern_4h_Pattern_10,1.55
GC=F_4h_backtest_077,2025-07-21T13:12:59.343356,GC=F,4h,backtest,DOWN,1.56,8.110000000000001,VolumeSpike_European_NewsReaction_4h_Pattern_11,1.56
GC=F_4h_backtest_078,2025-07-21T13:17:59.343359,GC=F,4h,backtest,NEUTRAL,1.57,8.209999999999999,RangeExpansion_US_VolatilityBreakout_4h_Pattern_12,1.57
GC=F_4h_backtest_079,2025-07-21T13:22:59.343361,GC=F,4h,backtest,UP,1.58,8.31,Consolidation_Asian_AccumulationPhase_4h_Pattern_13,1.58
GC=F_4h_backtest_080,2025-07-21T13:27:59.343364,GC=F,4h,backtest,DOWN,1.59,8.41,Impulse_European_DirectionalMove_4h_Pattern_14,1.59
GC=F_4h_backtest_081,2025-07-21T13:32:59.343367,GC=F,4h,backtest,NEUTRAL,1.6,8.51,Correction_US_RetracementPattern_4h_Pattern_15,1.6
GC=F_4h_backtest_082,2025-07-21T13:37:59.343415,GC=F,4h,backtest,UP,1.61,8.61,HighVolume_Asian_LiquiditySweep_4h_Pattern_16,1.61
GC=F_4h_backtest_083,2025-07-21T13:42:59.343418,GC=F,4h,backtest,DOWN,1.62,8.71,LowVolume_European_TightRange_4h_Pattern_17,1.62
GC=F_4h_backtest_084,2025-07-21T13:47:59.343421,GC=F,4h,backtest,NEUTRAL,1.6300000000000001,8.81,VolatileRange_US_FakeoutProne_4h_Pattern_18,1.6300000000000001
GC=F_4h_backtest_085,2025-07-21T13:52:59.343427,GC=F,4h,backtest,UP,1.6400000000000001,8.91,BalancedWicks_Asian_GreedDriven_4h_Pattern_19,1.6400000000000001
GC=F_4h_backtest_086,2025-07-21T13:57:59.343434,GC=F,4h,backtest,DOWN,1.65,9.01,TightRange_European_FearDriven_4h_Pattern_20,1.65
GC=F_4h_backtest_087,2025-07-21T14:02:59.343437,GC=F,4h,backtest,NEUTRAL,1.6600000000000001,9.11,BreakoutPattern_US_MomentumDriven_4h_Pattern_21,1.6600000000000001
GC=F_4h_backtest_088,2025-07-21T14:07:59.343440,GC=F,4h,backtest,UP,1.67,9.21,ReversalPattern_Asian_ExhaustionSignal_4h_Pattern_22,1.67
GC=F_4h_backtest_089,2025-07-21T14:12:59.343443,GC=F,4h,backtest,DOWN,1.6800000000000002,9.31,HighVolume_Asian_LiquiditySweep_4h_Pattern_01,1.6800000000000002
GC=F_4h_backtest_090,2025-07-21T14:17:59.343445,GC=F,4h,backtest,NEUTRAL,1.69,9.41,LowVolume_European_TightRange_4h_Pattern_02,1.69
GC=F_4h_backtest_091,2025-07-21T14:22:59.343448,GC=F,4h,backtest,UP,1.7000000000000002,9.51,VolatileRange_US_FakeoutProne_4h_Pattern_03,1.7000000000000002
GC=F_4h_backtest_092,2025-07-21T14:27:59.343451,GC=F,4h,backtest,DOWN,1.71,9.61,BalancedWicks_Asian_GreedDriven_4h_Pattern_04,1.71
GC=F_4h_backtest_093,2025-07-21T14:32:59.343454,GC=F,4h,backtest,NEUTRAL,1.7200000000000002,9.71,TightRange_European_FearDriven_4h_Pattern_05,1.7200000000000002
GC=F_4h_backtest_094,2025-07-21T14:37:59.343462,GC=F,4h,backtest,UP,1.73,9.81,BreakoutPattern_US_MomentumDriven_4h_Pattern_06,1.73
GC=F_4h_backtest_095,2025-07-21T14:42:59.343471,GC=F,4h,backtest,DOWN,1.7400000000000002,9.91,ReversalPattern_Asian_ExhaustionSignal_4h_Pattern_07,1.7400000000000002
GC=F_4h_backtest_096,2025-07-21T14:47:59.343474,GC=F,4h,backtest,NEUTRAL,1.75,10.01,ContinuationPattern_European_TrendFollowing_4h_Pattern_08,1.75
GC=F_4h_backtest_097,2025-07-21T14:52:59.343477,GC=F,4h,backtest,UP,1.76,10.110000000000001,GapFill_US_LiquidityReturn_4h_Pattern_09,1.76
GC=F_4h_backtest_098,2025-07-21T14:57:59.343486,GC=F,4h,backtest,DOWN,1.77,10.21,FakeBreak_Asian_TrapPattern_4h_Pattern_10,1.77
GC=F_4h_backtest_099,2025-07-21T15:02:59.343490,GC=F,4h,backtest,NEUTRAL,1.78,10.31,VolumeSpike_European_NewsReaction_4h_Pattern_11,1.78
GC=F_4h_backtest_100,2025-07-21T15:07:59.343493,GC=F,4h,backtest,UP,1.79,10.41,RangeExpansion_US_VolatilityBreakout_4h_Pattern_12,1.79
GC=F_1d_backtest_001,2025-07-21T06:52:59.343519,GC=F,1d,backtest,UP,0.77,0.7,HighVolume_Asian_LiquiditySweep_1d_Pattern_01,0.77
GC=F_1d_backtest_002,2025-07-21T06:57:59.343522,GC=F,1d,backtest,DOWN,0.78,0.8,LowVolume_European_TightRange_1d_Pattern_02,0.78
GC=F_1d_backtest_003,2025-07-21T07:02:59.343525,GC=F,1d,backtest,NEUTRAL,0.79,0.8999999999999999,VolatileRange_US_FakeoutProne_1d_Pattern_03,0.79
GC=F_1d_backtest_004,2025-07-21T07:07:59.343531,GC=F,1d,backtest,UP,0.8,1.0,BalancedWicks_Asian_GreedDriven_1d_Pattern_04,0.8
GC=F_1d_backtest_005,2025-07-21T07:12:59.343536,GC=F,1d,backtest,DOWN,0.81,1.1,TightRange_European_FearDriven_1d_Pattern_05,0.81
GC=F_1d_backtest_006,2025-07-21T07:17:59.343539,GC=F,1d,backtest,NEUTRAL,0.8200000000000001,1.2,BreakoutPattern_US_MomentumDriven_1d_Pattern_06,0.8200000000000001
GC=F_1d_backtest_007,2025-07-21T07:22:59.343541,GC=F,1d,backtest,UP,0.8300000000000001,1.3,ReversalPattern_Asian_ExhaustionSignal_1d_Pattern_07,0.8300000000000001
GC=F_1d_backtest_008,2025-07-21T07:27:59.343551,GC=F,1d,backtest,DOWN,0.8400000000000001,1.4000000000000001,ContinuationPattern_European_TrendFollowing_1d_Pattern_08,0.8400000000000001
GC=F_1d_backtest_009,2025-07-21T07:32:59.343555,GC=F,1d,backtest,NEUTRAL,0.8499999999999999,1.5,GapFill_US_LiquidityReturn_1d_Pattern_09,0.8499999999999999
GC=F_1d_backtest_010,2025-07-21T07:37:59.343558,GC=F,1d,backtest,UP,0.8599999999999999,1.5999999999999999,FakeBreak_Asian_TrapPattern_1d_Pattern_10,0.8599999999999999
GC=F_1d_backtest_011,2025-07-21T07:42:59.343563,GC=F,1d,backtest,DOWN,0.8699999999999999,1.7,VolumeSpike_European_NewsReaction_1d_Pattern_11,0.8699999999999999
GC=F_1d_backtest_012,2025-07-21T07:47:59.343566,GC=F,1d,backtest,NEUTRAL,0.8799999999999999,1.8,RangeExpansion_US_VolatilityBreakout_1d_Pattern_12,0.8799999999999999
GC=F_1d_backtest_013,2025-07-21T07:52:59.343576,GC=F,1d,backtest,UP,0.8899999999999999,1.9000000000000001,Consolidation_Asian_AccumulationPhase_1d_Pattern_13,0.8899999999999999
GC=F_1d_backtest_014,2025-07-21T07:57:59.343579,GC=F,1d,backtest,DOWN,0.8999999999999999,2.0,Impulse_European_DirectionalMove_1d_Pattern_14,0.8999999999999999
GC=F_1d_backtest_015,2025-07-21T08:02:59.343584,GC=F,1d,backtest,NEUTRAL,0.9099999999999999,2.1,Correction_US_RetracementPattern_1d_Pattern_15,0.9099999999999999
GC=F_1d_backtest_016,2025-07-21T08:07:59.343586,GC=F,1d,backtest,UP,0.9199999999999999,2.2,HighVolume_Asian_LiquiditySweep_1d_Pattern_16,0.9199999999999999
GC=F_1d_backtest_017,2025-07-21T08:12:59.343589,GC=F,1d,backtest,DOWN,0.9299999999999999,2.3000000000000003,LowVolume_European_TightRange_1d_Pattern_17,0.9299999999999999
GC=F_1d_backtest_018,2025-07-21T08:17:59.343592,GC=F,1d,backtest,NEUTRAL,0.94,2.4000000000000004,VolatileRange_US_FakeoutProne_1d_Pattern_18,0.94
GC=F_1d_backtest_019,2025-07-21T08:22:59.343595,GC=F,1d,backtest,UP,0.95,2.5,HighVolume_Asian_LiquiditySweep_1d_Pattern_01,0.95
GC=F_1d_backtest_020,2025-07-21T08:27:59.343598,GC=F,1d,backtest,DOWN,0.96,2.6000000000000005,LowVolume_European_TightRange_1d_Pattern_02,0.96
GC=F_1d_backtest_021,2025-07-21T08:32:59.343600,GC=F,1d,backtest,NEUTRAL,0.97,2.7,VolatileRange_US_FakeoutProne_1d_Pattern_03,0.97
GC=F_1d_backtest_022,2025-07-21T08:37:59.343604,GC=F,1d,backtest,UP,0.98,2.8000000000000003,BalancedWicks_Asian_GreedDriven_1d_Pattern_04,0.98
GC=F_1d_backtest_023,2025-07-21T08:42:59.343610,GC=F,1d,backtest,DOWN,0.99,2.9000000000000004,TightRange_European_FearDriven_1d_Pattern_05,0.99
GC=F_1d_backtest_024,2025-07-21T08:47:59.343615,GC=F,1d,backtest,NEUTRAL,1.0,3.0000000000000004,BreakoutPattern_US_MomentumDriven_1d_Pattern_06,1.0
GC=F_1d_backtest_025,2025-07-21T08:52:59.343621,GC=F,1d,backtest,UP,1.01,3.1000000000000005,ReversalPattern_Asian_ExhaustionSignal_1d_Pattern_07,1.01
GC=F_1d_backtest_026,2025-07-21T08:57:59.343624,GC=F,1d,backtest,DOWN,1.02,3.2,ContinuationPattern_European_TrendFollowing_1d_Pattern_08,1.02
GC=F_1d_backtest_027,2025-07-21T09:02:59.343626,GC=F,1d,backtest,NEUTRAL,1.03,3.3000000000000003,GapFill_US_LiquidityReturn_1d_Pattern_09,1.03
GC=F_1d_backtest_028,2025-07-21T09:07:59.343629,GC=F,1d,backtest,UP,1.04,3.4000000000000004,FakeBreak_Asian_TrapPattern_1d_Pattern_10,1.04
GC=F_1d_backtest_029,2025-07-21T09:12:59.343633,GC=F,1d,backtest,DOWN,1.05,3.5000000000000004,VolumeSpike_European_NewsReaction_1d_Pattern_11,1.05
GC=F_1d_backtest_030,2025-07-21T09:17:59.343638,GC=F,1d,backtest,NEUTRAL,1.06,3.6000000000000005,RangeExpansion_US_VolatilityBreakout_1d_Pattern_12,1.06
GC=F_1d_backtest_031,2025-07-21T09:22:59.343640,GC=F,1d,backtest,UP,1.07,3.7,Consolidation_Asian_AccumulationPhase_1d_Pattern_13,1.07
GC=F_1d_backtest_032,2025-07-21T09:27:59.343654,GC=F,1d,backtest,DOWN,1.08,3.8000000000000003,Impulse_European_DirectionalMove_1d_Pattern_14,1.08
GC=F_1d_backtest_033,2025-07-21T09:32:59.343657,GC=F,1d,backtest,NEUTRAL,1.09,3.9000000000000004,Correction_US_RetracementPattern_1d_Pattern_15,1.09
GC=F_1d_backtest_034,2025-07-21T09:37:59.343660,GC=F,1d,backtest,UP,1.1,4.0,HighVolume_Asian_LiquiditySweep_1d_Pattern_16,1.1
GC=F_1d_backtest_035,2025-07-21T09:42:59.343669,GC=F,1d,backtest,DOWN,1.11,4.1000000000000005,LowVolume_European_TightRange_1d_Pattern_17,1.11
GC=F_1d_backtest_036,2025-07-21T09:47:59.343673,GC=F,1d,backtest,NEUTRAL,1.12,4.2,VolatileRange_US_FakeoutProne_1d_Pattern_18,1.12
GC=F_1d_backtest_037,2025-07-21T09:52:59.343677,GC=F,1d,backtest,UP,1.1300000000000001,4.3,HighVolume_Asian_LiquiditySweep_1d_Pattern_01,1.1300000000000001
GC=F_1d_backtest_038,2025-07-21T09:57:59.343680,GC=F,1d,backtest,DOWN,1.14,4.4,LowVolume_European_TightRange_1d_Pattern_02,1.14
GC=F_1d_backtest_039,2025-07-21T10:02:59.343682,GC=F,1d,backtest,NEUTRAL,1.1500000000000001,4.500000000000001,VolatileRange_US_FakeoutProne_1d_Pattern_03,1.1500000000000001
GC=F_1d_backtest_040,2025-07-21T10:07:59.343685,GC=F,1d,backtest,UP,1.16,4.6000000000000005,BalancedWicks_Asian_GreedDriven_1d_Pattern_04,1.16
GC=F_1d_backtest_041,2025-07-21T10:12:59.343689,GC=F,1d,backtest,DOWN,1.1700000000000002,4.7,TightRange_European_FearDriven_1d_Pattern_05,1.1700000000000002
GC=F_1d_backtest_042,2025-07-21T10:17:59.343694,GC=F,1d,backtest,NEUTRAL,1.18,4.800000000000001,BreakoutPattern_US_MomentumDriven_1d_Pattern_06,1.18
GC=F_1d_backtest_043,2025-07-21T10:22:59.343697,GC=F,1d,backtest,UP,1.19,4.9,ReversalPattern_Asian_ExhaustionSignal_1d_Pattern_07,1.19
GC=F_1d_backtest_044,2025-07-21T10:27:59.343700,GC=F,1d,backtest,DOWN,1.2,5.0,ContinuationPattern_European_TrendFollowing_1d_Pattern_08,1.2
GC=F_1d_backtest_045,2025-07-21T10:32:59.343714,GC=F,1d,backtest,NEUTRAL,1.21,5.1000000000000005,GapFill_US_LiquidityReturn_1d_Pattern_09,1.21
GC=F_1d_backtest_046,2025-07-21T10:37:59.343718,GC=F,1d,backtest,UP,1.22,5.2,FakeBreak_Asian_TrapPattern_1d_Pattern_10,1.22
GC=F_1d_backtest_047,2025-07-21T10:42:59.343721,GC=F,1d,backtest,DOWN,1.23,5.300000000000001,VolumeSpike_European_NewsReaction_1d_Pattern_11,1.23
GC=F_1d_backtest_048,2025-07-21T10:47:59.343724,GC=F,1d,backtest,NEUTRAL,1.24,5.4,RangeExpansion_US_VolatilityBreakout_1d_Pattern_12,1.24
GC=F_1d_backtest_049,2025-07-21T10:52:59.343729,GC=F,1d,backtest,UP,1.25,5.500000000000001,Consolidation_Asian_AccumulationPhase_1d_Pattern_13,1.25
GC=F_1d_backtest_050,2025-07-21T10:57:59.343735,GC=F,1d,backtest,DOWN,1.26,5.6000000000000005,Impulse_European_DirectionalMove_1d_Pattern_14,1.26
GC=F_1d_backtest_051,2025-07-21T11:02:59.343737,GC=F,1d,backtest,NEUTRAL,1.27,5.7,Correction_US_RetracementPattern_1d_Pattern_15,1.27
GC=F_1d_backtest_052,2025-07-21T11:07:59.343742,GC=F,1d,backtest,UP,1.28,5.800000000000001,HighVolume_Asian_LiquiditySweep_1d_Pattern_16,1.28
GC=F_1d_backtest_053,2025-07-21T11:12:59.343745,GC=F,1d,backtest,DOWN,1.29,5.9,LowVolume_European_TightRange_1d_Pattern_17,1.29
GC=F_1d_backtest_054,2025-07-21T11:17:59.343748,GC=F,1d,backtest,NEUTRAL,1.3,6.000000000000001,VolatileRange_US_FakeoutProne_1d_Pattern_18,1.3
GC=F_1d_backtest_055,2025-07-21T11:22:59.343752,GC=F,1d,backtest,UP,1.31,6.1000000000000005,HighVolume_Asian_LiquiditySweep_1d_Pattern_01,1.31
GC=F_1d_backtest_056,2025-07-21T11:27:59.343755,GC=F,1d,backtest,DOWN,1.32,6.2,LowVolume_European_TightRange_1d_Pattern_02,1.32
GC=F_1d_backtest_057,2025-07-21T11:32:59.343758,GC=F,1d,backtest,NEUTRAL,1.33,6.300000000000001,VolatileRange_US_FakeoutProne_1d_Pattern_03,1.33
GC=F_1d_backtest_058,2025-07-21T11:37:59.343760,GC=F,1d,backtest,UP,1.34,6.4,BalancedWicks_Asian_GreedDriven_1d_Pattern_04,1.34
GC=F_1d_backtest_059,2025-07-21T11:42:59.343764,GC=F,1d,backtest,DOWN,1.3499999999999999,6.500000000000001,TightRange_European_FearDriven_1d_Pattern_05,1.3499999999999999
GC=F_1d_backtest_060,2025-07-21T11:47:59.343767,GC=F,1d,backtest,NEUTRAL,1.36,6.6000000000000005,BreakoutPattern_US_MomentumDriven_1d_Pattern_06,1.36
GC=F_1d_backtest_061,2025-07-21T11:52:59.343770,GC=F,1d,backtest,UP,1.3699999999999999,6.7,ReversalPattern_Asian_ExhaustionSignal_1d_Pattern_07,1.3699999999999999
GC=F_1d_backtest_062,2025-07-21T11:57:59.343775,GC=F,1d,backtest,DOWN,1.3800000000000001,6.800000000000001,ContinuationPattern_European_TrendFollowing_1d_Pattern_08,1.3800000000000001
GC=F_1d_backtest_063,2025-07-21T12:02:59.343778,GC=F,1d,backtest,NEUTRAL,1.39,6.9,GapFill_US_LiquidityReturn_1d_Pattern_09,1.39
GC=F_1d_backtest_064,2025-07-21T12:07:59.343780,GC=F,1d,backtest,UP,1.4000000000000001,7.000000000000001,FakeBreak_Asian_TrapPattern_1d_Pattern_10,1.4000000000000001
GC=F_1d_backtest_065,2025-07-21T12:12:59.343785,GC=F,1d,backtest,DOWN,1.41,7.1000000000000005,VolumeSpike_European_NewsReaction_1d_Pattern_11,1.41
GC=F_1d_backtest_066,2025-07-21T12:17:59.343788,GC=F,1d,backtest,NEUTRAL,1.4200000000000002,7.2,RangeExpansion_US_VolatilityBreakout_1d_Pattern_12,1.4200000000000002
GC=F_1d_backtest_067,2025-07-21T12:22:59.343790,GC=F,1d,backtest,UP,1.43,7.300000000000001,Consolidation_Asian_AccumulationPhase_1d_Pattern_13,1.43
GC=F_1d_backtest_068,2025-07-21T12:27:59.343795,GC=F,1d,backtest,DOWN,1.4400000000000002,7.4,Impulse_European_DirectionalMove_1d_Pattern_14,1.4400000000000002
GC=F_1d_backtest_069,2025-07-21T12:32:59.343798,GC=F,1d,backtest,NEUTRAL,1.45,7.500000000000001,Correction_US_RetracementPattern_1d_Pattern_15,1.45
GC=F_1d_backtest_070,2025-07-21T12:37:59.343801,GC=F,1d,backtest,UP,1.4600000000000002,7.6000000000000005,HighVolume_Asian_LiquiditySweep_1d_Pattern_16,1.4600000000000002
GC=F_1d_backtest_071,2025-07-21T12:42:59.343805,GC=F,1d,backtest,DOWN,1.47,7.7,LowVolume_European_TightRange_1d_Pattern_17,1.47
GC=F_1d_backtest_072,2025-07-21T12:47:59.343808,GC=F,1d,backtest,NEUTRAL,1.48,7.800000000000001,VolatileRange_US_FakeoutProne_1d_Pattern_18,1.48
GC=F_1d_backtest_073,2025-07-21T12:52:59.343811,GC=F,1d,backtest,UP,1.49,7.9,HighVolume_Asian_LiquiditySweep_1d_Pattern_01,1.49
GC=F_1d_backtest_074,2025-07-21T12:57:59.343817,GC=F,1d,backtest,DOWN,1.5,8.0,LowVolume_European_TightRange_1d_Pattern_02,1.5
GC=F_1d_backtest_075,2025-07-21T13:02:59.343823,GC=F,1d,backtest,NEUTRAL,1.51,8.1,VolatileRange_US_FakeoutProne_1d_Pattern_03,1.51
GC=F_1d_backtest_076,2025-07-21T13:07:59.343827,GC=F,1d,backtest,UP,1.52,8.2,BalancedWicks_Asian_GreedDriven_1d_Pattern_04,1.52
GC=F_1d_backtest_077,2025-07-21T13:12:59.343833,GC=F,1d,backtest,DOWN,1.53,8.3,TightRange_European_FearDriven_1d_Pattern_05,1.53
GC=F_1d_backtest_078,2025-07-21T13:17:59.343835,GC=F,1d,backtest,NEUTRAL,1.54,8.399999999999999,BreakoutPattern_US_MomentumDriven_1d_Pattern_06,1.54
GC=F_1d_backtest_079,2025-07-21T13:22:59.343838,GC=F,1d,backtest,UP,1.55,8.5,ReversalPattern_Asian_ExhaustionSignal_1d_Pattern_07,1.55
GC=F_1d_backtest_080,2025-07-21T13:27:59.343841,GC=F,1d,backtest,DOWN,1.56,8.6,ContinuationPattern_European_TrendFollowing_1d_Pattern_08,1.56
GC=F_1d_backtest_081,2025-07-21T13:32:59.343843,GC=F,1d,backtest,NEUTRAL,1.57,8.7,GapFill_US_LiquidityReturn_1d_Pattern_09,1.57
GC=F_1d_backtest_082,2025-07-21T13:37:59.343846,GC=F,1d,backtest,UP,1.58,8.799999999999999,FakeBreak_Asian_TrapPattern_1d_Pattern_10,1.58
GC=F_1d_backtest_083,2025-07-21T13:42:59.343848,GC=F,1d,backtest,DOWN,1.59,8.9,VolumeSpike_European_NewsReaction_1d_Pattern_11,1.59
GC=F_1d_backtest_084,2025-07-21T13:47:59.343851,GC=F,1d,backtest,NEUTRAL,1.6,9.0,RangeExpansion_US_VolatilityBreakout_1d_Pattern_12,1.6
GC=F_1d_backtest_085,2025-07-21T13:52:59.343855,GC=F,1d,backtest,UP,1.61,9.1,Consolidation_Asian_AccumulationPhase_1d_Pattern_13,1.61
GC=F_1d_backtest_086,2025-07-21T13:57:59.343859,GC=F,1d,backtest,DOWN,1.6199999999999999,9.2,Impulse_European_DirectionalMove_1d_Pattern_14,1.6199999999999999
GC=F_1d_backtest_087,2025-07-21T14:02:59.343863,GC=F,1d,backtest,NEUTRAL,1.6300000000000001,9.299999999999999,Correction_US_RetracementPattern_1d_Pattern_15,1.6300000000000001
GC=F_1d_backtest_088,2025-07-21T14:07:59.343867,GC=F,1d,backtest,UP,1.64,9.4,HighVolume_Asian_LiquiditySweep_1d_Pattern_16,1.64
GC=F_1d_backtest_089,2025-07-21T14:12:59.343870,GC=F,1d,backtest,DOWN,1.6500000000000001,9.5,LowVolume_European_TightRange_1d_Pattern_17,1.6500000000000001
GC=F_1d_backtest_090,2025-07-21T14:17:59.343873,GC=F,1d,backtest,NEUTRAL,1.66,9.6,VolatileRange_US_FakeoutProne_1d_Pattern_18,1.66
GC=F_1d_backtest_091,2025-07-21T14:22:59.343877,GC=F,1d,backtest,UP,1.6700000000000002,9.7,HighVolume_Asian_LiquiditySweep_1d_Pattern_01,1.6700000000000002
GC=F_1d_backtest_092,2025-07-21T14:27:59.343880,GC=F,1d,backtest,DOWN,1.68,9.799999999999999,LowVolume_European_TightRange_1d_Pattern_02,1.68
GC=F_1d_backtest_093,2025-07-21T14:32:59.343885,GC=F,1d,backtest,NEUTRAL,1.6900000000000002,9.9,VolatileRange_US_FakeoutProne_1d_Pattern_03,1.6900000000000002
GC=F_1d_backtest_094,2025-07-21T14:37:59.343888,GC=F,1d,backtest,UP,1.7,10.0,BalancedWicks_Asian_GreedDriven_1d_Pattern_04,1.7
GC=F_1d_backtest_095,2025-07-21T14:42:59.343894,GC=F,1d,backtest,DOWN,1.7100000000000002,10.1,TightRange_European_FearDriven_1d_Pattern_05,1.7100000000000002
GC=F_1d_backtest_096,2025-07-21T14:47:59.343899,GC=F,1d,backtest,NEUTRAL,1.72,10.2,BreakoutPattern_US_MomentumDriven_1d_Pattern_06,1.72
GC=F_1d_backtest_097,2025-07-21T14:52:59.343901,GC=F,1d,backtest,UP,1.73,10.3,ReversalPattern_Asian_ExhaustionSignal_1d_Pattern_07,1.73
GC=F_1d_backtest_098,2025-07-21T14:57:59.343904,GC=F,1d,backtest,DOWN,1.74,10.4,ContinuationPattern_European_TrendFollowing_1d_Pattern_08,1.74
GC=F_1d_backtest_099,2025-07-21T15:02:59.343906,GC=F,1d,backtest,NEUTRAL,1.75,10.5,GapFill_US_LiquidityReturn_1d_Pattern_09,1.75
GC=F_1d_backtest_100,2025-07-21T15:07:59.343912,GC=F,1d,backtest,UP,1.76,10.6,FakeBreak_Asian_TrapPattern_1d_Pattern_10,1.76
